{"v":"5.8.1","fr":25,"ip":0,"op":37,"w":500,"h":500,"nm":"290-coin-outline","ddd":0,"assets":[{"id":"comp_0","nm":"Coin-ot","fr":25,"layers":[{"ddd":0,"ind":1,"ty":3,"nm":"NULL","sr":1,"ks":{"o":{"a":0,"k":0,"ix":11},"r":{"a":0,"k":0,"ix":10},"p":{"a":0,"k":[250,250,0],"ix":2,"l":2},"a":{"a":0,"k":[60,60,0],"ix":1,"l":2},"s":{"a":0,"k":[430,430,100],"ix":6,"l":2}},"ao":0,"ip":0,"op":99,"st":0,"bm":0},{"ddd":0,"ind":2,"ty":4,"nm":"Warstwa 15","parent":1,"sr":1,"ks":{"o":{"a":0,"k":100,"ix":11},"r":{"a":0,"k":0,"ix":10},"p":{"a":0,"k":[59.75,59.75,0],"ix":2,"l":2},"a":{"a":0,"k":[4,3.5,0],"ix":1,"l":2},"s":{"a":0,"k":[409.533,409.533,100],"ix":6,"l":2}},"ao":0,"shapes":[{"ty":"gr","it":[{"ind":0,"ty":"sh","ix":1,"ks":{"a":1,"k":[{"i":{"x":0.833,"y":0.833},"o":{"x":0.167,"y":0.167},"t":49.52,"s":[{"i":[[-4.214,0],[0,-4.214],[4.214,0],[0,4.214]],"o":[[4.214,0],[0,4.214],[-4.214,0],[0,-4.214]],"v":[[4,-4.13],[11.63,3.5],[4,11.13],[-3.63,3.5]],"c":true}]},{"t":74.715,"s":[{"i":[[0,0],[0,-4.244],[0,0],[0,4.244]],"o":[[0,0],[0,4.244],[0,0],[0,-4.244]],"v":[[4.001,-4.197],[4.001,3.487],[4.001,11.171],[4,3.487]],"c":true}],"h":1},{"i":{"x":0.833,"y":0.833},"o":{"x":0.167,"y":0.167},"t":75.149,"s":[{"i":[[0,0],[0,-4.244],[0,0],[0,4.244]],"o":[[0,0],[0,4.244],[0,0],[0,-4.244]],"v":[[1.841,-4.182],[1.77,3.492],[1.769,11.176],[1.769,3.492]],"c":true}]},{"t":99.0409415072456,"s":[{"i":[[-4.214,0],[0,-4.214],[4.214,0],[0,4.214]],"o":[[4.214,0],[0,4.214],[-4.214,0],[0,-4.214]],"v":[[4,-4.13],[11.63,3.5],[4,11.13],[-3.63,3.5]],"c":true}]}],"ix":2},"nm":"Path 1","mn":"ADBE Vector Shape - Group","hd":false},{"ty":"st","c":{"a":0,"k":[0.039215686275,0.658823529412,0.545098039216,1],"ix":3,"x":"var $bm_rt;\n$bm_rt = comp('290-coin-outline').layer('Color  & Stroke Change').effect('Secondary')('Color');"},"o":{"a":0,"k":100,"ix":4},"w":{"a":0,"k":0.7,"ix":5,"x":"var $bm_rt;\n$bm_rt = $bm_mul(1 / 100, comp('290-coin-outline').layer('Color  & Stroke Change').effect('Stroke')('Slider'));"},"lc":1,"lj":1,"ml":4,"bm":0,"nm":"Stroke 1","mn":"ADBE Vector Graphic - Stroke","hd":false},{"ty":"tr","p":{"a":0,"k":[0,0],"ix":2},"a":{"a":0,"k":[0,0],"ix":1},"s":{"a":0,"k":[100,100],"ix":3},"r":{"a":0,"k":0,"ix":6},"o":{"a":0,"k":100,"ix":7},"sk":{"a":0,"k":0,"ix":4},"sa":{"a":0,"k":0,"ix":5},"nm":"Transform"}],"nm":"Oval","np":2,"cix":2,"bm":0,"ix":1,"mn":"ADBE Vector Group","hd":false}],"ip":49.5204336947456,"op":99.4752571587434,"st":49.5204336947456,"bm":0},{"ddd":0,"ind":3,"ty":4,"nm":"Warstwa 12","parent":1,"sr":1,"ks":{"o":{"a":0,"k":100,"ix":11},"r":{"a":0,"k":0,"ix":10},"p":{"a":0,"k":[59.75,59.75,0],"ix":2,"l":2},"a":{"a":0,"k":[4,3.5,0],"ix":1,"l":2},"s":{"a":0,"k":[409.533,409.533,100],"ix":6,"l":2}},"ao":0,"shapes":[{"ty":"gr","it":[{"ind":0,"ty":"sh","ix":1,"ks":{"a":1,"k":[{"i":{"x":0.833,"y":0.833},"o":{"x":0.167,"y":0.167},"t":49.52,"s":[{"i":[[-5.799,0],[0,-5.799],[5.799,0],[0,5.799]],"o":[[5.799,0],[0,5.799],[-5.799,0],[0,-5.799]],"v":[[4,-7],[14.5,3.5],[4,14],[-6.5,3.5]],"c":true}]},{"t":74.715,"s":[{"i":[[0,0],[0,-5.799],[0,0],[0,5.799]],"o":[[0,0],[0,5.799],[0,0],[0,-5.799]],"v":[[4,-7],[4,3.5],[4,14],[4,3.5]],"c":true}],"h":1},{"i":{"x":0.833,"y":0.833},"o":{"x":0.167,"y":0.167},"t":75.149,"s":[{"i":[[0,0],[0,-5.799],[0,0],[0,5.799]],"o":[[0,0],[0,5.799],[0,0],[0,-5.799]],"v":[[1.841,-7.017],[1.841,3.483],[1.841,13.983],[1.841,3.483]],"c":true}]},{"t":99.0409415072456,"s":[{"i":[[-5.784,0],[0,-5.799],[5.784,0],[0,5.799]],"o":[[5.784,0],[0,5.799],[-5.784,0],[0,-5.799]],"v":[[3.964,-7],[14.437,3.5],[3.964,14],[-6.509,3.5]],"c":true}]}],"ix":2},"nm":"Path 1","mn":"ADBE Vector Shape - Group","hd":false},{"ty":"st","c":{"a":0,"k":[0.070588238537,0.074509806931,0.192156866193,1],"ix":3,"x":"var $bm_rt;\n$bm_rt = comp('290-coin-outline').layer('Color  & Stroke Change').effect('Primary')('Color');"},"o":{"a":0,"k":100,"ix":4},"w":{"a":0,"k":0.7,"ix":5,"x":"var $bm_rt;\n$bm_rt = $bm_mul(1 / 100, comp('290-coin-outline').layer('Color  & Stroke Change').effect('Stroke')('Slider'));"},"lc":1,"lj":1,"ml":4,"bm":0,"nm":"Stroke 1","mn":"ADBE Vector Graphic - Stroke","hd":false},{"ty":"tr","p":{"a":0,"k":[0,0],"ix":2},"a":{"a":0,"k":[0,0],"ix":1},"s":{"a":0,"k":[100,100],"ix":3},"r":{"a":0,"k":0,"ix":6},"o":{"a":0,"k":100,"ix":7},"sk":{"a":0,"k":0,"ix":4},"sa":{"a":0,"k":0,"ix":5},"nm":"Transform"}],"nm":"Oval","np":2,"cix":2,"bm":0,"ix":1,"mn":"ADBE Vector Group","hd":false}],"ip":49.5204336947456,"op":99.4752571587434,"st":49.5204336947456,"bm":0},{"ddd":0,"ind":4,"ty":4,"nm":"Warstwa 14","parent":1,"sr":1,"ks":{"o":{"a":0,"k":100,"ix":11},"r":{"a":0,"k":0,"ix":10},"p":{"a":0,"k":[59.75,59.75,0],"ix":2,"l":2},"a":{"a":0,"k":[4,3.5,0],"ix":1,"l":2},"s":{"a":0,"k":[409.533,409.533,100],"ix":6,"l":2}},"ao":0,"shapes":[{"ty":"gr","it":[{"ind":0,"ty":"sh","ix":1,"ks":{"a":1,"k":[{"i":{"x":0.833,"y":0.833},"o":{"x":0.167,"y":0.167},"t":49.52,"s":[{"i":[[0,0],[0,0]],"o":[[0,0],[0,0]],"v":[[4.016,-6.991],[3.966,-6.973]],"c":false}]},{"t":74.715,"s":[{"i":[[0,0],[0,0]],"o":[[0,0],[0,0]],"v":[[4.016,-6.991],[1.842,-6.991]],"c":false}],"h":1},{"i":{"x":0.833,"y":0.833},"o":{"x":0.167,"y":0.167},"t":75.149,"s":[{"i":[[0,0],[0,0]],"o":[[0,0],[0,0]],"v":[[4.016,-6.991],[1.842,-6.991]],"c":false}]},{"t":99.0409415072456,"s":[{"i":[[0,0],[0,0]],"o":[[0,0],[0,0]],"v":[[4.016,-6.991],[4.002,-6.991]],"c":false}]}],"ix":2},"nm":"Path 1","mn":"ADBE Vector Shape - Group","hd":false},{"ind":1,"ty":"sh","ix":2,"ks":{"a":1,"k":[{"i":{"x":0.833,"y":0.833},"o":{"x":0.167,"y":0.167},"t":49.52,"s":[{"i":[[0,0],[0,0]],"o":[[0,0],[0,0]],"v":[[4.014,13.973],[4,13.973]],"c":false}]},{"t":74.715,"s":[{"i":[[0,0],[0,0]],"o":[[0,0],[0,0]],"v":[[4.014,13.973],[1.877,13.973]],"c":false}],"h":1},{"i":{"x":0.833,"y":0.833},"o":{"x":0.167,"y":0.167},"t":75.149,"s":[{"i":[[0,0],[0,0]],"o":[[0,0],[0,0]],"v":[[4.014,13.973],[1.877,13.973]],"c":false}]},{"t":99.0409415072456,"s":[{"i":[[0,0],[0,0]],"o":[[0,0],[0,0]],"v":[[4.014,13.973],[4.036,13.973]],"c":false}]}],"ix":2},"nm":"Path 2","mn":"ADBE Vector Shape - Group","hd":false},{"ind":2,"ty":"sh","ix":3,"ks":{"a":1,"k":[{"i":{"x":0.833,"y":0.833},"o":{"x":0.167,"y":0.167},"t":49.52,"s":[{"i":[[0,0],[0,0]],"o":[[0,0],[0,0]],"v":[[-3.342,10.986],[-3.414,10.986]],"c":false}]},{"t":74.715,"s":[{"i":[[0,0],[0,0]],"o":[[0,0],[0,0]],"v":[[3.964,10.986],[1.841,10.986]],"c":false}],"h":1},{"i":{"x":0.833,"y":0.833},"o":{"x":0.167,"y":0.167},"t":75.149,"s":[{"i":[[0,0],[0,0]],"o":[[0,0],[0,0]],"v":[[3.964,10.986],[1.841,10.986]],"c":false}]},{"t":99.0409415072456,"s":[{"i":[[0,0],[0,0]],"o":[[0,0],[0,0]],"v":[[11.234,10.986],[11.27,10.986]],"c":false}]}],"ix":2},"nm":"Path 8","mn":"ADBE Vector Shape - Group","hd":false},{"ind":3,"ty":"sh","ix":4,"ks":{"a":1,"k":[{"i":{"x":0.833,"y":0.833},"o":{"x":0.167,"y":0.167},"t":49.52,"s":[{"i":[[0,0],[0,0]],"o":[[0,0],[0,0]],"v":[[-5.573,7.783],[-5.573,7.783]],"c":false}]},{"t":74.715,"s":[{"i":[[0,0],[0,0]],"o":[[0,0],[0,0]],"v":[[3.964,7.783],[1.841,7.783]],"c":false}],"h":1},{"i":{"x":0.833,"y":0.833},"o":{"x":0.167,"y":0.167},"t":75.149,"s":[{"i":[[0,0],[0,0]],"o":[[0,0],[0,0]],"v":[[3.964,7.783],[1.841,7.783]],"c":false}]},{"t":99.0409415072456,"s":[{"i":[[0,0],[0,0]],"o":[[0,0],[0,0]],"v":[[13.465,7.783],[13.501,7.783]],"c":false}]}],"ix":2},"nm":"Path 7","mn":"ADBE Vector Shape - Group","hd":false},{"ind":4,"ty":"sh","ix":5,"ks":{"a":1,"k":[{"i":{"x":0.833,"y":0.833},"o":{"x":0.167,"y":0.167},"t":49.52,"s":[{"i":[[0,0],[0,0]],"o":[[0,0],[0,0]],"v":[[-6.401,4.94],[-6.437,4.94]],"c":false}]},{"t":74.715,"s":[{"i":[[0,0],[0,0]],"o":[[0,0],[0,0]],"v":[[3.964,4.94],[1.841,4.94]],"c":false}],"h":1},{"i":{"x":0.833,"y":0.833},"o":{"x":0.167,"y":0.167},"t":75.149,"s":[{"i":[[0,0],[0,0]],"o":[[0,0],[0,0]],"v":[[3.964,4.94],[1.841,4.94]],"c":false}]},{"t":99.0409415072456,"s":[{"i":[[0,0],[0,0]],"o":[[0,0],[0,0]],"v":[[14.293,4.94],[14.329,4.94]],"c":false}]}],"ix":2},"nm":"Path 6","mn":"ADBE Vector Shape - Group","hd":false},{"ind":5,"ty":"sh","ix":6,"ks":{"a":1,"k":[{"i":{"x":0.833,"y":0.833},"o":{"x":0.167,"y":0.167},"t":49.52,"s":[{"i":[[0,0],[0,0]],"o":[[0,0],[0,0]],"v":[[-6.455,2.06],[-6.383,2.06]],"c":false}]},{"t":74.715,"s":[{"i":[[0,0],[0,0]],"o":[[0,0],[0,0]],"v":[[3.964,2.06],[1.841,2.06]],"c":false}],"h":1},{"i":{"x":0.833,"y":0.833},"o":{"x":0.167,"y":0.167},"t":75.149,"s":[{"i":[[0,0],[0,0]],"o":[[0,0],[0,0]],"v":[[3.964,2.06],[1.841,2.06]],"c":false}]},{"t":99.0409415072456,"s":[{"i":[[0,0],[0,0]],"o":[[0,0],[0,0]],"v":[[14.293,2.06],[14.329,2.06]],"c":false}]}],"ix":2},"nm":"Path 5","mn":"ADBE Vector Shape - Group","hd":false},{"ind":6,"ty":"sh","ix":7,"ks":{"a":1,"k":[{"i":{"x":0.833,"y":0.833},"o":{"x":0.167,"y":0.167},"t":49.52,"s":[{"i":[[0,0],[0,0]],"o":[[0,0],[0,0]],"v":[[-5.591,-0.783],[-5.627,-0.783]],"c":false}]},{"t":74.715,"s":[{"i":[[0,0],[0,0]],"o":[[0,0],[0,0]],"v":[[3.964,-0.783],[1.841,-0.783]],"c":false}],"h":1},{"i":{"x":0.833,"y":0.833},"o":{"x":0.167,"y":0.167},"t":75.149,"s":[{"i":[[0,0],[0,0]],"o":[[0,0],[0,0]],"v":[[3.964,-0.783],[1.841,-0.783]],"c":false}]},{"t":99.0409415072456,"s":[{"i":[[0,0],[0,0]],"o":[[0,0],[0,0]],"v":[[13.465,-0.783],[13.501,-0.783]],"c":false}]}],"ix":2},"nm":"Path 4","mn":"ADBE Vector Shape - Group","hd":false},{"ind":7,"ty":"sh","ix":8,"ks":{"a":1,"k":[{"i":{"x":0.833,"y":0.833},"o":{"x":0.167,"y":0.167},"t":49.52,"s":[{"i":[[0,0],[0,0]],"o":[[0,0],[0,0]],"v":[[-3.18,-4.13],[-3.18,-4.13]],"c":false}]},{"t":74.715,"s":[{"i":[[0,0],[0,0]],"o":[[0,0],[0,0]],"v":[[3.964,-4.13],[1.841,-4.13]],"c":false}],"h":1},{"i":{"x":0.833,"y":0.833},"o":{"x":0.167,"y":0.167},"t":75.149,"s":[{"i":[[0,0],[0,0]],"o":[[0,0],[0,0]],"v":[[3.964,-4.13],[1.841,-4.13]],"c":false}]},{"t":99.0409415072456,"s":[{"i":[[0,0],[0,0]],"o":[[0,0],[0,0]],"v":[[11.054,-4.13],[11.09,-4.13]],"c":false}]}],"ix":2},"nm":"Path 3","mn":"ADBE Vector Shape - Group","hd":false},{"ty":"st","c":{"a":0,"k":[0.070588238537,0.074509806931,0.192156866193,1],"ix":3,"x":"var $bm_rt;\n$bm_rt = comp('290-coin-outline').layer('Color  & Stroke Change').effect('Primary')('Color');"},"o":{"a":0,"k":100,"ix":4},"w":{"a":0,"k":0.7,"ix":5,"x":"var $bm_rt;\n$bm_rt = $bm_mul(1 / 100, comp('290-coin-outline').layer('Color  & Stroke Change').effect('Stroke')('Slider'));"},"lc":1,"lj":1,"ml":4,"bm":0,"nm":"Stroke 1","mn":"ADBE Vector Graphic - Stroke","hd":false},{"ty":"tr","p":{"a":0,"k":[0,0],"ix":2},"a":{"a":0,"k":[0,0],"ix":1},"s":{"a":0,"k":[100,100],"ix":3},"r":{"a":0,"k":0,"ix":6},"o":{"a":0,"k":100,"ix":7},"sk":{"a":0,"k":0,"ix":4},"sa":{"a":0,"k":0,"ix":5},"nm":"Transform"}],"nm":"Shape 1","np":10,"cix":2,"bm":0,"ix":1,"mn":"ADBE Vector Group","hd":false},{"ty":"gr","it":[{"ind":0,"ty":"sh","ix":1,"ks":{"a":1,"k":[{"i":{"x":0.833,"y":0.833},"o":{"x":0.167,"y":0.167},"t":49.52,"s":[{"i":[[-5.799,0],[0,-5.799],[5.799,0],[0,5.799]],"o":[[5.799,0],[0,5.799],[-5.799,0],[0,-5.799]],"v":[[4,-7],[14.5,3.5],[4,14],[-6.5,3.5]],"c":true}]},{"t":74.715,"s":[{"i":[[0,0],[0,-5.799],[0,0],[0,5.799]],"o":[[0,0],[0,5.799],[0,0],[0,-5.799]],"v":[[1.841,-7],[1.841,3.5],[1.841,14],[1.841,3.5]],"c":true}],"h":1},{"i":{"x":0.833,"y":0.833},"o":{"x":0.167,"y":0.167},"t":75.149,"s":[{"i":[[0,0],[0,-5.799],[0,0],[0,5.799]],"o":[[0,0],[0,5.799],[0,0],[0,-5.799]],"v":[[4,-7],[4,3.5],[4,14],[4,3.5]],"c":true}]},{"t":99.0409415072456,"s":[{"i":[[5.794,0],[0,-5.799],[-5.794,0],[0,5.799]],"o":[[-5.794,0],[0,5.799],[5.794,0],[0,-5.799]],"v":[[3.946,-7],[-6.545,3.5],[3.946,14],[14.437,3.5]],"c":true}]}],"ix":2},"nm":"Path 1","mn":"ADBE Vector Shape - Group","hd":false},{"ty":"tm","s":{"a":0,"k":0,"ix":1},"e":{"a":0,"k":50,"ix":2},"o":{"a":0,"k":180,"ix":3},"m":1,"ix":2,"nm":"Trim Paths 1","mn":"ADBE Vector Filter - Trim","hd":false},{"ty":"st","c":{"a":0,"k":[0.070588238537,0.074509806931,0.192156866193,1],"ix":3,"x":"var $bm_rt;\n$bm_rt = comp('290-coin-outline').layer('Color  & Stroke Change').effect('Primary')('Color');"},"o":{"a":0,"k":100,"ix":4},"w":{"a":0,"k":0.7,"ix":5,"x":"var $bm_rt;\n$bm_rt = $bm_mul(1 / 100, comp('290-coin-outline').layer('Color  & Stroke Change').effect('Stroke')('Slider'));"},"lc":1,"lj":1,"ml":4,"bm":0,"nm":"Stroke 1","mn":"ADBE Vector Graphic - Stroke","hd":false},{"ty":"tr","p":{"a":0,"k":[0,0],"ix":2},"a":{"a":0,"k":[0,0],"ix":1},"s":{"a":0,"k":[100,100],"ix":3},"r":{"a":0,"k":0,"ix":6},"o":{"a":0,"k":100,"ix":7},"sk":{"a":0,"k":0,"ix":4},"sa":{"a":0,"k":0,"ix":5},"nm":"Transform"}],"nm":"Oval","np":3,"cix":2,"bm":0,"ix":2,"mn":"ADBE Vector Group","hd":false}],"ip":49.5204336947456,"op":99.4752571587434,"st":49.5204336947456,"bm":0},{"ddd":0,"ind":5,"ty":4,"nm":"Warstwa 10","parent":1,"sr":1,"ks":{"o":{"a":0,"k":100,"ix":11},"r":{"a":0,"k":0,"ix":10},"p":{"a":0,"k":[59.75,59.75,0],"ix":2,"l":2},"a":{"a":0,"k":[4,3.5,0],"ix":1,"l":2},"s":{"a":0,"k":[409.533,409.533,100],"ix":6,"l":2}},"ao":0,"shapes":[{"ty":"gr","it":[{"ind":0,"ty":"sh","ix":1,"ks":{"a":1,"k":[{"i":{"x":0.833,"y":0.833},"o":{"x":0.167,"y":0.167},"t":0,"s":[{"i":[[-5.799,0],[0,-5.799],[5.799,0],[0,5.799]],"o":[[5.799,0],[0,5.799],[-5.799,0],[0,-5.799]],"v":[[4,-7],[14.5,3.5],[4,14],[-6.5,3.5]],"c":true}]},{"t":25.194,"s":[{"i":[[0,0],[0,-5.799],[0,0],[0,5.799]],"o":[[0,0],[0,5.799],[0,0],[0,-5.799]],"v":[[4,-7],[4,3.5],[4,14],[4,3.5]],"c":true}],"h":1},{"i":{"x":0.833,"y":0.833},"o":{"x":0.167,"y":0.167},"t":25.629,"s":[{"i":[[0,0],[0,-5.799],[0,0],[0,5.799]],"o":[[0,0],[0,5.799],[0,0],[0,-5.799]],"v":[[1.841,-7.017],[1.841,3.483],[1.841,13.983],[1.841,3.483]],"c":true}]},{"t":49.5205078125,"s":[{"i":[[-5.784,0],[0,-5.799],[5.784,0],[0,5.799]],"o":[[5.784,0],[0,5.799],[-5.784,0],[0,-5.799]],"v":[[3.964,-7],[14.437,3.5],[3.964,14],[-6.509,3.5]],"c":true}]}],"ix":2},"nm":"Path 1","mn":"ADBE Vector Shape - Group","hd":false},{"ty":"st","c":{"a":0,"k":[0.070588238537,0.074509806931,0.192156866193,1],"ix":3,"x":"var $bm_rt;\n$bm_rt = comp('290-coin-outline').layer('Color  & Stroke Change').effect('Primary')('Color');"},"o":{"a":0,"k":100,"ix":4},"w":{"a":0,"k":0.7,"ix":5,"x":"var $bm_rt;\n$bm_rt = $bm_mul(1 / 100, comp('290-coin-outline').layer('Color  & Stroke Change').effect('Stroke')('Slider'));"},"lc":1,"lj":1,"ml":4,"bm":0,"nm":"Stroke 1","mn":"ADBE Vector Graphic - Stroke","hd":false},{"ty":"tr","p":{"a":0,"k":[0,0],"ix":2},"a":{"a":0,"k":[0,0],"ix":1},"s":{"a":0,"k":[100,100],"ix":3},"r":{"a":0,"k":0,"ix":6},"o":{"a":0,"k":100,"ix":7},"sk":{"a":0,"k":0,"ix":4},"sa":{"a":0,"k":0,"ix":5},"nm":"Transform"}],"nm":"Oval","np":2,"cix":2,"bm":0,"ix":1,"mn":"ADBE Vector Group","hd":false}],"ip":0,"op":49.9548234639978,"st":0,"bm":0},{"ddd":0,"ind":6,"ty":4,"nm":"Warstwa 9","parent":1,"sr":1,"ks":{"o":{"a":0,"k":100,"ix":11},"r":{"a":0,"k":0,"ix":10},"p":{"a":0,"k":[59.75,59.75,0],"ix":2,"l":2},"a":{"a":0,"k":[4,3.5,0],"ix":1,"l":2},"s":{"a":0,"k":[409.533,409.533,100],"ix":6,"l":2}},"ao":0,"shapes":[{"ty":"gr","it":[{"ind":0,"ty":"sh","ix":1,"ks":{"a":1,"k":[{"i":{"x":0.833,"y":0.833},"o":{"x":0.167,"y":0.167},"t":0,"s":[{"i":[[0,0],[0,0]],"o":[[0,0],[0,0]],"v":[[4.016,-6.991],[3.966,-6.973]],"c":false}]},{"t":25.194,"s":[{"i":[[0,0],[0,0]],"o":[[0,0],[0,0]],"v":[[4.016,-6.991],[1.842,-6.991]],"c":false}],"h":1},{"i":{"x":0.833,"y":0.833},"o":{"x":0.167,"y":0.167},"t":25.629,"s":[{"i":[[0,0],[0,0]],"o":[[0,0],[0,0]],"v":[[4.016,-6.991],[1.842,-6.991]],"c":false}]},{"t":49.5205078125,"s":[{"i":[[0,0],[0,0]],"o":[[0,0],[0,0]],"v":[[4.016,-6.991],[4.002,-6.991]],"c":false}]}],"ix":2},"nm":"Path 1","mn":"ADBE Vector Shape - Group","hd":false},{"ind":1,"ty":"sh","ix":2,"ks":{"a":1,"k":[{"i":{"x":0.833,"y":0.833},"o":{"x":0.167,"y":0.167},"t":0,"s":[{"i":[[0,0],[0,0]],"o":[[0,0],[0,0]],"v":[[4.014,13.973],[4,13.973]],"c":false}]},{"t":25.194,"s":[{"i":[[0,0],[0,0]],"o":[[0,0],[0,0]],"v":[[4.014,13.973],[1.877,13.973]],"c":false}],"h":1},{"i":{"x":0.833,"y":0.833},"o":{"x":0.167,"y":0.167},"t":25.629,"s":[{"i":[[0,0],[0,0]],"o":[[0,0],[0,0]],"v":[[4.014,13.973],[1.877,13.973]],"c":false}]},{"t":49.5205078125,"s":[{"i":[[0,0],[0,0]],"o":[[0,0],[0,0]],"v":[[4.014,13.973],[4.036,13.973]],"c":false}]}],"ix":2},"nm":"Path 2","mn":"ADBE Vector Shape - Group","hd":false},{"ind":2,"ty":"sh","ix":3,"ks":{"a":1,"k":[{"i":{"x":0.833,"y":0.833},"o":{"x":0.167,"y":0.167},"t":0,"s":[{"i":[[0,0],[0,0]],"o":[[0,0],[0,0]],"v":[[-3.342,10.986],[-3.414,10.986]],"c":false}]},{"t":25.194,"s":[{"i":[[0,0],[0,0]],"o":[[0,0],[0,0]],"v":[[3.964,10.986],[1.841,10.986]],"c":false}],"h":1},{"i":{"x":0.833,"y":0.833},"o":{"x":0.167,"y":0.167},"t":25.629,"s":[{"i":[[0,0],[0,0]],"o":[[0,0],[0,0]],"v":[[3.964,10.986],[1.841,10.986]],"c":false}]},{"t":49.5205078125,"s":[{"i":[[0,0],[0,0]],"o":[[0,0],[0,0]],"v":[[11.234,10.986],[11.27,10.986]],"c":false}]}],"ix":2},"nm":"Path 8","mn":"ADBE Vector Shape - Group","hd":false},{"ind":3,"ty":"sh","ix":4,"ks":{"a":1,"k":[{"i":{"x":0.833,"y":0.833},"o":{"x":0.167,"y":0.167},"t":0,"s":[{"i":[[0,0],[0,0]],"o":[[0,0],[0,0]],"v":[[-5.573,7.783],[-5.573,7.783]],"c":false}]},{"t":25.194,"s":[{"i":[[0,0],[0,0]],"o":[[0,0],[0,0]],"v":[[3.964,7.783],[1.841,7.783]],"c":false}],"h":1},{"i":{"x":0.833,"y":0.833},"o":{"x":0.167,"y":0.167},"t":25.629,"s":[{"i":[[0,0],[0,0]],"o":[[0,0],[0,0]],"v":[[3.964,7.783],[1.841,7.783]],"c":false}]},{"t":49.5205078125,"s":[{"i":[[0,0],[0,0]],"o":[[0,0],[0,0]],"v":[[13.465,7.783],[13.501,7.783]],"c":false}]}],"ix":2},"nm":"Path 7","mn":"ADBE Vector Shape - Group","hd":false},{"ind":4,"ty":"sh","ix":5,"ks":{"a":1,"k":[{"i":{"x":0.833,"y":0.833},"o":{"x":0.167,"y":0.167},"t":0,"s":[{"i":[[0,0],[0,0]],"o":[[0,0],[0,0]],"v":[[-6.401,4.94],[-6.437,4.94]],"c":false}]},{"t":25.194,"s":[{"i":[[0,0],[0,0]],"o":[[0,0],[0,0]],"v":[[3.964,4.94],[1.841,4.94]],"c":false}],"h":1},{"i":{"x":0.833,"y":0.833},"o":{"x":0.167,"y":0.167},"t":25.629,"s":[{"i":[[0,0],[0,0]],"o":[[0,0],[0,0]],"v":[[3.964,4.94],[1.841,4.94]],"c":false}]},{"t":49.5205078125,"s":[{"i":[[0,0],[0,0]],"o":[[0,0],[0,0]],"v":[[14.293,4.94],[14.329,4.94]],"c":false}]}],"ix":2},"nm":"Path 6","mn":"ADBE Vector Shape - Group","hd":false},{"ind":5,"ty":"sh","ix":6,"ks":{"a":1,"k":[{"i":{"x":0.833,"y":0.833},"o":{"x":0.167,"y":0.167},"t":0,"s":[{"i":[[0,0],[0,0]],"o":[[0,0],[0,0]],"v":[[-6.455,2.06],[-6.383,2.06]],"c":false}]},{"t":25.194,"s":[{"i":[[0,0],[0,0]],"o":[[0,0],[0,0]],"v":[[3.964,2.06],[1.841,2.06]],"c":false}],"h":1},{"i":{"x":0.833,"y":0.833},"o":{"x":0.167,"y":0.167},"t":25.629,"s":[{"i":[[0,0],[0,0]],"o":[[0,0],[0,0]],"v":[[3.964,2.06],[1.841,2.06]],"c":false}]},{"t":49.5205078125,"s":[{"i":[[0,0],[0,0]],"o":[[0,0],[0,0]],"v":[[14.293,2.06],[14.329,2.06]],"c":false}]}],"ix":2},"nm":"Path 5","mn":"ADBE Vector Shape - Group","hd":false},{"ind":6,"ty":"sh","ix":7,"ks":{"a":1,"k":[{"i":{"x":0.833,"y":0.833},"o":{"x":0.167,"y":0.167},"t":0,"s":[{"i":[[0,0],[0,0]],"o":[[0,0],[0,0]],"v":[[-5.591,-0.783],[-5.627,-0.783]],"c":false}]},{"t":25.194,"s":[{"i":[[0,0],[0,0]],"o":[[0,0],[0,0]],"v":[[3.964,-0.783],[1.841,-0.783]],"c":false}],"h":1},{"i":{"x":0.833,"y":0.833},"o":{"x":0.167,"y":0.167},"t":25.629,"s":[{"i":[[0,0],[0,0]],"o":[[0,0],[0,0]],"v":[[3.964,-0.783],[1.841,-0.783]],"c":false}]},{"t":49.5205078125,"s":[{"i":[[0,0],[0,0]],"o":[[0,0],[0,0]],"v":[[13.465,-0.783],[13.501,-0.783]],"c":false}]}],"ix":2},"nm":"Path 4","mn":"ADBE Vector Shape - Group","hd":false},{"ind":7,"ty":"sh","ix":8,"ks":{"a":1,"k":[{"i":{"x":0.833,"y":0.833},"o":{"x":0.167,"y":0.167},"t":0,"s":[{"i":[[0,0],[0,0]],"o":[[0,0],[0,0]],"v":[[-3.18,-4.13],[-3.18,-4.13]],"c":false}]},{"t":25.194,"s":[{"i":[[0,0],[0,0]],"o":[[0,0],[0,0]],"v":[[3.964,-4.13],[1.841,-4.13]],"c":false}],"h":1},{"i":{"x":0.833,"y":0.833},"o":{"x":0.167,"y":0.167},"t":25.629,"s":[{"i":[[0,0],[0,0]],"o":[[0,0],[0,0]],"v":[[3.964,-4.13],[1.841,-4.13]],"c":false}]},{"t":49.5205078125,"s":[{"i":[[0,0],[0,0]],"o":[[0,0],[0,0]],"v":[[11.054,-4.13],[11.09,-4.13]],"c":false}]}],"ix":2},"nm":"Path 3","mn":"ADBE Vector Shape - Group","hd":false},{"ty":"st","c":{"a":0,"k":[0.070588238537,0.074509806931,0.192156866193,1],"ix":3,"x":"var $bm_rt;\n$bm_rt = comp('290-coin-outline').layer('Color  & Stroke Change').effect('Primary')('Color');"},"o":{"a":0,"k":100,"ix":4},"w":{"a":0,"k":0.7,"ix":5,"x":"var $bm_rt;\n$bm_rt = $bm_mul(1 / 100, comp('290-coin-outline').layer('Color  & Stroke Change').effect('Stroke')('Slider'));"},"lc":1,"lj":1,"ml":4,"bm":0,"nm":"Stroke 1","mn":"ADBE Vector Graphic - Stroke","hd":false},{"ty":"tr","p":{"a":0,"k":[0,0],"ix":2},"a":{"a":0,"k":[0,0],"ix":1},"s":{"a":0,"k":[100,100],"ix":3},"r":{"a":0,"k":0,"ix":6},"o":{"a":0,"k":100,"ix":7},"sk":{"a":0,"k":0,"ix":4},"sa":{"a":0,"k":0,"ix":5},"nm":"Transform"}],"nm":"Shape 1","np":10,"cix":2,"bm":0,"ix":1,"mn":"ADBE Vector Group","hd":false},{"ty":"gr","it":[{"ind":0,"ty":"sh","ix":1,"ks":{"a":1,"k":[{"i":{"x":0.833,"y":0.833},"o":{"x":0.167,"y":0.167},"t":0,"s":[{"i":[[-5.799,0],[0,-5.799],[5.799,0],[0,5.799]],"o":[[5.799,0],[0,5.799],[-5.799,0],[0,-5.799]],"v":[[4,-7],[14.5,3.5],[4,14],[-6.5,3.5]],"c":true}]},{"t":25.194,"s":[{"i":[[0,0],[0,-5.799],[0,0],[0,5.799]],"o":[[0,0],[0,5.799],[0,0],[0,-5.799]],"v":[[1.841,-7],[1.841,3.5],[1.841,14],[1.841,3.5]],"c":true}],"h":1},{"i":{"x":0.833,"y":0.833},"o":{"x":0.167,"y":0.167},"t":25.629,"s":[{"i":[[0,0],[0,-5.799],[0,0],[0,5.799]],"o":[[0,0],[0,5.799],[0,0],[0,-5.799]],"v":[[4,-7],[4,3.5],[4,14],[4,3.5]],"c":true}]},{"t":49.5205078125,"s":[{"i":[[5.794,0],[0,-5.799],[-5.794,0],[0,5.799]],"o":[[-5.794,0],[0,5.799],[5.794,0],[0,-5.799]],"v":[[3.946,-7],[-6.545,3.5],[3.946,14],[14.437,3.5]],"c":true}]}],"ix":2},"nm":"Path 1","mn":"ADBE Vector Shape - Group","hd":false},{"ty":"tm","s":{"a":0,"k":0,"ix":1},"e":{"a":0,"k":50,"ix":2},"o":{"a":0,"k":180,"ix":3},"m":1,"ix":2,"nm":"Trim Paths 1","mn":"ADBE Vector Filter - Trim","hd":false},{"ty":"st","c":{"a":0,"k":[0.070588238537,0.074509806931,0.192156866193,1],"ix":3,"x":"var $bm_rt;\n$bm_rt = comp('290-coin-outline').layer('Color  & Stroke Change').effect('Primary')('Color');"},"o":{"a":0,"k":100,"ix":4},"w":{"a":0,"k":0.7,"ix":5,"x":"var $bm_rt;\n$bm_rt = $bm_mul(1 / 100, comp('290-coin-outline').layer('Color  & Stroke Change').effect('Stroke')('Slider'));"},"lc":1,"lj":1,"ml":4,"bm":0,"nm":"Stroke 1","mn":"ADBE Vector Graphic - Stroke","hd":false},{"ty":"tr","p":{"a":0,"k":[0,0],"ix":2},"a":{"a":0,"k":[0,0],"ix":1},"s":{"a":0,"k":[100,100],"ix":3},"r":{"a":0,"k":0,"ix":6},"o":{"a":0,"k":100,"ix":7},"sk":{"a":0,"k":0,"ix":4},"sa":{"a":0,"k":0,"ix":5},"nm":"Transform"}],"nm":"Oval","np":3,"cix":2,"bm":0,"ix":2,"mn":"ADBE Vector Group","hd":false}],"ip":0,"op":49.9548234639978,"st":0,"bm":0},{"ddd":0,"ind":7,"ty":4,"nm":"Warstwa 13","parent":1,"sr":1,"ks":{"o":{"a":0,"k":100,"ix":11},"r":{"a":0,"k":0,"ix":10},"p":{"a":0,"k":[59.75,59.75,0],"ix":2,"l":2},"a":{"a":0,"k":[4,3.5,0],"ix":1,"l":2},"s":{"a":0,"k":[409.533,409.533,100],"ix":6,"l":2}},"ao":0,"shapes":[{"ty":"gr","it":[{"ind":0,"ty":"sh","ix":1,"ks":{"a":1,"k":[{"i":{"x":0.833,"y":0.833},"o":{"x":0.167,"y":0.167},"t":0,"s":[{"i":[[-4.214,0],[0,-4.214],[4.214,0],[0,4.214]],"o":[[4.214,0],[0,4.214],[-4.214,0],[0,-4.214]],"v":[[4,-4.13],[11.63,3.5],[4,11.13],[-3.63,3.5]],"c":true}]},{"i":{"x":0.833,"y":0.833},"o":{"x":0.167,"y":0.167},"t":25.629,"s":[{"i":[[0,0],[0,-4.244],[0,0],[0,4.244]],"o":[[0,0],[0,4.244],[0,0],[0,-4.244]],"v":[[1.841,-4.202],[1.841,3.483],[1.841,11.168],[1.841,3.483]],"c":true}]},{"t":49.5205078125,"s":[{"i":[[-4.214,0],[0,-4.214],[4.214,0],[0,4.214]],"o":[[4.214,0],[0,4.214],[-4.214,0],[0,-4.214]],"v":[[4,-4.13],[11.63,3.5],[4,11.13],[-3.63,3.5]],"c":true}]}],"ix":2},"nm":"Path 1","mn":"ADBE Vector Shape - Group","hd":false},{"ty":"st","c":{"a":0,"k":[0.039215686275,0.658823529412,0.545098039216,1],"ix":3,"x":"var $bm_rt;\n$bm_rt = comp('290-coin-outline').layer('Color  & Stroke Change').effect('Secondary')('Color');"},"o":{"a":0,"k":100,"ix":4},"w":{"a":0,"k":0.7,"ix":5,"x":"var $bm_rt;\n$bm_rt = $bm_mul(1 / 100, comp('290-coin-outline').layer('Color  & Stroke Change').effect('Stroke')('Slider'));"},"lc":1,"lj":1,"ml":4,"bm":0,"nm":"Stroke 1","mn":"ADBE Vector Graphic - Stroke","hd":false},{"ty":"tr","p":{"a":0,"k":[0,0],"ix":2},"a":{"a":0,"k":[0,0],"ix":1},"s":{"a":0,"k":[100,100],"ix":3},"r":{"a":0,"k":0,"ix":6},"o":{"a":0,"k":100,"ix":7},"sk":{"a":0,"k":0,"ix":4},"sa":{"a":0,"k":0,"ix":5},"nm":"Transform"}],"nm":"Oval","np":2,"cix":2,"bm":0,"ix":1,"mn":"ADBE Vector Group","hd":false}],"ip":0,"op":49.9548234639978,"st":0,"bm":0}]}],"layers":[{"ddd":0,"ind":1,"ty":3,"nm":"02092020","sr":1,"ks":{"o":{"a":0,"k":0,"ix":11},"r":{"a":0,"k":0,"ix":10},"p":{"a":0,"k":[-105,15,0],"ix":2,"l":2},"a":{"a":0,"k":[60,60,0],"ix":1,"l":2},"s":{"a":0,"k":[100,100,100],"ix":6,"l":2}},"ao":0,"ef":[{"ty":5,"nm":"02092020002","np":3,"mn":"ADBE Checkbox Control","ix":1,"en":1,"ef":[{"ty":7,"nm":"Checkbox","mn":"ADBE Checkbox Control-0001","ix":1,"v":{"a":0,"k":0,"ix":1}}]}],"ip":0,"op":125,"st":0,"bm":0},{"ddd":0,"ind":2,"ty":4,"nm":"lordicon.com Outlines","cl":"com","sr":1,"ks":{"o":{"a":0,"k":20,"ix":11,"x":"var $bm_rt;\nvar checkbox = thisComp.layer('02092020').effect('02092020002')('Checkbox');\nif (checkbox == 1) {\n    $bm_rt = 20;\n} else {\n    $bm_rt = 0;\n}\n;"},"r":{"a":0,"k":0,"ix":10},"p":{"a":0,"k":[249.934,481.369,0],"ix":2,"l":2},"a":{"a":0,"k":[79.934,0.369,0],"ix":1,"l":2},"s":{"a":0,"k":[265.159,265.159,100],"ix":6,"l":2}},"ao":0,"shapes":[{"ty":"gr","it":[{"ind":0,"ty":"sh","ix":1,"ks":{"a":0,"k":{"i":[[0,0],[0,0],[0,0],[0,0],[0,0],[0,0]],"o":[[0,0],[0,0],[0,0],[0,0],[0,0],[0,0]],"v":[[1.415,0],[11.014,0],[11.014,-2.523],[4.656,-2.523],[4.656,-14.809],[1.415,-14.809]],"c":true},"ix":2},"nm":"l","mn":"ADBE Vector Shape - Group","hd":false},{"ty":"fl","c":{"a":0,"k":[0,0,0,1],"ix":4},"o":{"a":0,"k":100,"ix":5},"r":1,"bm":0,"nm":"Fill 1","mn":"ADBE Vector Graphic - Fill","hd":false},{"ty":"tr","p":{"a":0,"k":[0,0],"ix":2},"a":{"a":0,"k":[0,0],"ix":1},"s":{"a":0,"k":[100,100],"ix":3},"r":{"a":0,"k":0,"ix":6},"o":{"a":0,"k":100,"ix":7},"sk":{"a":0,"k":0,"ix":4},"sa":{"a":0,"k":0,"ix":5},"nm":"Transform"}],"nm":"l","np":3,"cix":2,"bm":0,"ix":1,"mn":"ADBE Vector Group","hd":false},{"ty":"gr","it":[{"ind":0,"ty":"sh","ix":1,"ks":{"a":0,"k":{"i":[[0,-3.938],[-1.62,-1.723],[-1.949,0],[-1.641,1.846],[0,2.154],[1.579,1.805],[1.579,0]],"o":[[0,1.354],[1.354,1.415],[1.231,0],[1.21,-1.354],[0,-1.456],[-1.456,-1.641],[-5.333,0]],"v":[[11.167,-7.199],[12.992,-1.661],[18.243,0.369],[23.514,-1.743],[25.381,-7.548],[23.494,-13.127],[18.284,-15.137]],"c":true},"ix":2},"nm":"o","mn":"ADBE Vector Shape - Group","hd":false},{"ind":1,"ty":"sh","ix":2,"ks":{"a":0,"k":{"i":[[0,1.415],[-0.841,1.026],[-1.19,0],[-0.615,-1.825],[0,-0.718],[0.492,-0.738],[1.292,0],[0.451,0.615]],"o":[[0,-1.682],[0.595,-0.759],[1.518,0],[0.308,0.902],[0,2.359],[-0.595,0.923],[-1.477,0],[-0.882,-1.149]],"v":[[14.49,-7.302],[15.577,-11.609],[18.305,-12.86],[21.689,-10.235],[22.058,-7.589],[21.053,-3.343],[18.284,-1.969],[15.597,-3.159]],"c":true},"ix":2},"nm":"o","mn":"ADBE Vector Shape - Group","hd":false},{"ty":"mm","mm":1,"nm":"Merge Paths 1","mn":"ADBE Vector Filter - Merge","hd":false},{"ty":"fl","c":{"a":0,"k":[0,0,0,1],"ix":4},"o":{"a":0,"k":100,"ix":5},"r":1,"bm":0,"nm":"Fill 1","mn":"ADBE Vector Graphic - Fill","hd":false},{"ty":"tr","p":{"a":0,"k":[0,0],"ix":2},"a":{"a":0,"k":[0,0],"ix":1},"s":{"a":0,"k":[100,100],"ix":3},"r":{"a":0,"k":0,"ix":6},"o":{"a":0,"k":100,"ix":7},"sk":{"a":0,"k":0,"ix":4},"sa":{"a":0,"k":0,"ix":5},"nm":"Transform"}],"nm":"o","np":5,"cix":2,"bm":0,"ix":2,"mn":"ADBE Vector Group","hd":false},{"ty":"gr","it":[{"ind":0,"ty":"sh","ix":1,"ks":{"a":0,"k":{"i":[[0,0],[0,0],[0,0],[0,0],[-0.287,-0.841],[-0.144,-0.82],[0,0],[0.164,0.656],[0.226,1.743],[2.236,0.205],[0,2.769],[0.923,0.8],[1.641,-0.021],[0,0]],"o":[[0,0],[0,0],[0,0],[0.533,0],[0.205,0.574],[0,0],[-0.164,-0.246],[-0.103,-0.41],[-0.267,-1.928],[0.718,-0.205],[0,-0.964],[-1.19,-1.026],[0,0],[0,0]],"v":[[27.381,0],[30.622,0],[30.622,-5.989],[33.411,-5.989],[35.011,-5.148],[35.811,0],[39.318,0],[38.867,-1.067],[38.416,-3.938],[35.749,-7.343],[38.847,-10.973],[37.554,-13.824],[33.063,-14.829],[27.381,-14.829]],"c":true},"ix":2},"nm":"r","mn":"ADBE Vector Shape - Group","hd":false},{"ind":1,"ty":"sh","ix":2,"ks":{"a":0,"k":{"i":[[0,0],[0,0],[-0.492,-0.349],[0,-1.005],[0.226,-0.164],[0.369,0],[0,0]],"o":[[0,0],[1.005,0],[0.287,0.185],[0,1.046],[-0.513,0.41],[0,0],[0,0]],"v":[[30.519,-12.491],[32.652,-12.491],[34.744,-12.142],[35.524,-10.481],[34.703,-8.758],[33.083,-8.348],[30.519,-8.348]],"c":true},"ix":2},"nm":"r","mn":"ADBE Vector Shape - Group","hd":false},{"ty":"mm","mm":1,"nm":"Merge Paths 1","mn":"ADBE Vector Filter - Merge","hd":false},{"ty":"fl","c":{"a":0,"k":[0,0,0,1],"ix":4},"o":{"a":0,"k":100,"ix":5},"r":1,"bm":0,"nm":"Fill 1","mn":"ADBE Vector Graphic - Fill","hd":false},{"ty":"tr","p":{"a":0,"k":[0,0],"ix":2},"a":{"a":0,"k":[0,0],"ix":1},"s":{"a":0,"k":[100,100],"ix":3},"r":{"a":0,"k":0,"ix":6},"o":{"a":0,"k":100,"ix":7},"sk":{"a":0,"k":0,"ix":4},"sa":{"a":0,"k":0,"ix":5},"nm":"Transform"}],"nm":"r","np":5,"cix":2,"bm":0,"ix":3,"mn":"ADBE Vector Group","hd":false},{"ty":"gr","it":[{"ind":0,"ty":"sh","ix":1,"ks":{"a":0,"k":{"i":[[0,0],[0,0],[-0.554,0.103],[0,4.553],[1.866,1.374],[0.82,0],[0,0]],"o":[[0,0],[1.497,0],[2.81,-0.513],[0,-2.113],[-1.784,-1.313],[0,0],[0,0]],"v":[[41.068,0],[45.683,0],[48.349,-0.164],[53.6,-7.609],[51.077,-13.434],[45.97,-14.768],[41.068,-14.788]],"c":true},"ix":2},"nm":"d","mn":"ADBE Vector Shape - Group","hd":false},{"ind":1,"ty":"sh","ix":2,"ks":{"a":0,"k":{"i":[[0,0],[-0.656,-0.185],[0,-2.092],[1.251,-1.251],[1.354,0],[0.349,0.021]],"o":[[1.825,-0.082],[1.99,0.554],[0,0.718],[-0.923,0.923],[-0.369,0],[0,0]],"v":[[44.288,-12.388],[47.611,-12.183],[50.318,-7.609],[48.985,-3.425],[45.539,-2.4],[44.288,-2.441]],"c":true},"ix":2},"nm":"d","mn":"ADBE Vector Shape - Group","hd":false},{"ty":"mm","mm":1,"nm":"Merge Paths 1","mn":"ADBE Vector Filter - Merge","hd":false},{"ty":"fl","c":{"a":0,"k":[0,0,0,1],"ix":4},"o":{"a":0,"k":100,"ix":5},"r":1,"bm":0,"nm":"Fill 1","mn":"ADBE Vector Graphic - Fill","hd":false},{"ty":"tr","p":{"a":0,"k":[0,0],"ix":2},"a":{"a":0,"k":[0,0],"ix":1},"s":{"a":0,"k":[100,100],"ix":3},"r":{"a":0,"k":0,"ix":6},"o":{"a":0,"k":100,"ix":7},"sk":{"a":0,"k":0,"ix":4},"sa":{"a":0,"k":0,"ix":5},"nm":"Transform"}],"nm":"d","np":5,"cix":2,"bm":0,"ix":4,"mn":"ADBE Vector Group","hd":false},{"ty":"gr","it":[{"ind":0,"ty":"sh","ix":1,"ks":{"a":0,"k":{"i":[[0,0],[0,0],[0,0],[0,0]],"o":[[0,0],[0,0],[0,0],[0,0]],"v":[[55.669,0],[58.849,0],[58.849,-14.87],[55.669,-14.87]],"c":true},"ix":2},"nm":"i","mn":"ADBE Vector Shape - Group","hd":false},{"ty":"fl","c":{"a":0,"k":[0,0,0,1],"ix":4},"o":{"a":0,"k":100,"ix":5},"r":1,"bm":0,"nm":"Fill 1","mn":"ADBE Vector Graphic - Fill","hd":false},{"ty":"tr","p":{"a":0,"k":[0,0],"ix":2},"a":{"a":0,"k":[0,0],"ix":1},"s":{"a":0,"k":[100,100],"ix":3},"r":{"a":0,"k":0,"ix":6},"o":{"a":0,"k":100,"ix":7},"sk":{"a":0,"k":0,"ix":4},"sa":{"a":0,"k":0,"ix":5},"nm":"Transform"}],"nm":"i","np":3,"cix":2,"bm":0,"ix":5,"mn":"ADBE Vector Group","hd":false},{"ty":"gr","it":[{"ind":0,"ty":"sh","ix":1,"ks":{"a":0,"k":{"i":[[0,0],[3.241,0],[0,-4.697],[-5.107,0],[-1.313,1.354],[-0.062,0.882],[0,0],[1.333,0],[0,0.882],[-2.359,0],[-0.062,-0.513]],"o":[[0,-2.954],[-4.164,0],[0,3.671],[1.354,0],[1.19,-1.231],[0,0],[-0.062,1.969],[-3.097,0],[0,-3.056],[2.154,0],[0,0]],"v":[[73.104,-9.989],[67.587,-14.911],[60.798,-7.097],[67.566,0.349],[71.894,-1.313],[73.227,-4.799],[69.884,-4.799],[67.218,-1.99],[64.121,-7.076],[67.464,-12.593],[69.864,-9.989]],"c":true},"ix":2},"nm":"c","mn":"ADBE Vector Shape - Group","hd":false},{"ty":"fl","c":{"a":0,"k":[0,0,0,1],"ix":4},"o":{"a":0,"k":100,"ix":5},"r":1,"bm":0,"nm":"Fill 1","mn":"ADBE Vector Graphic - Fill","hd":false},{"ty":"tr","p":{"a":0,"k":[0,0],"ix":2},"a":{"a":0,"k":[0,0],"ix":1},"s":{"a":0,"k":[100,100],"ix":3},"r":{"a":0,"k":0,"ix":6},"o":{"a":0,"k":100,"ix":7},"sk":{"a":0,"k":0,"ix":4},"sa":{"a":0,"k":0,"ix":5},"nm":"Transform"}],"nm":"c","np":3,"cix":2,"bm":0,"ix":6,"mn":"ADBE Vector Group","hd":false},{"ty":"gr","it":[{"ind":0,"ty":"sh","ix":1,"ks":{"a":0,"k":{"i":[[0,-3.938],[-1.62,-1.723],[-1.949,0],[-1.641,1.846],[0,2.154],[1.579,1.805],[1.579,0]],"o":[[0,1.354],[1.354,1.415],[1.231,0],[1.21,-1.354],[0,-1.456],[-1.456,-1.641],[-5.333,0]],"v":[[74.546,-7.199],[76.372,-1.661],[81.622,0.369],[86.894,-1.743],[88.76,-7.548],[86.873,-13.127],[81.663,-15.137]],"c":true},"ix":2},"nm":"o","mn":"ADBE Vector Shape - Group","hd":false},{"ind":1,"ty":"sh","ix":2,"ks":{"a":0,"k":{"i":[[0,1.415],[-0.841,1.026],[-1.19,0],[-0.615,-1.825],[0,-0.718],[0.492,-0.738],[1.292,0],[0.451,0.615]],"o":[[0,-1.682],[0.595,-0.759],[1.518,0],[0.308,0.902],[0,2.359],[-0.595,0.923],[-1.477,0],[-0.882,-1.149]],"v":[[77.869,-7.302],[78.956,-11.609],[81.684,-12.86],[85.068,-10.235],[85.437,-7.589],[84.432,-3.343],[81.663,-1.969],[78.977,-3.159]],"c":true},"ix":2},"nm":"o","mn":"ADBE Vector Shape - Group","hd":false},{"ty":"mm","mm":1,"nm":"Merge Paths 1","mn":"ADBE Vector Filter - Merge","hd":false},{"ty":"fl","c":{"a":0,"k":[0,0,0,1],"ix":4},"o":{"a":0,"k":100,"ix":5},"r":1,"bm":0,"nm":"Fill 1","mn":"ADBE Vector Graphic - Fill","hd":false},{"ty":"tr","p":{"a":0,"k":[0,0],"ix":2},"a":{"a":0,"k":[0,0],"ix":1},"s":{"a":0,"k":[100,100],"ix":3},"r":{"a":0,"k":0,"ix":6},"o":{"a":0,"k":100,"ix":7},"sk":{"a":0,"k":0,"ix":4},"sa":{"a":0,"k":0,"ix":5},"nm":"Transform"}],"nm":"o","np":5,"cix":2,"bm":0,"ix":7,"mn":"ADBE Vector Group","hd":false},{"ty":"gr","it":[{"ind":0,"ty":"sh","ix":1,"ks":{"a":0,"k":{"i":[[0,0],[0,0],[0,0],[0,0],[0,0],[0,0],[0,0],[0,0],[0,0],[0,0]],"o":[[0,0],[0,0],[0,0],[0,0],[0,0],[0,0],[0,0],[0,0],[0,0],[0,0]],"v":[[91.007,0],[94.001,0],[94.001,-12.306],[99.744,0],[104.113,0],[104.113,-14.829],[101.159,-14.829],[101.159,-3.159],[95.601,-14.829],[91.007,-14.829]],"c":true},"ix":2},"nm":"n","mn":"ADBE Vector Shape - Group","hd":false},{"ty":"fl","c":{"a":0,"k":[0,0,0,1],"ix":4},"o":{"a":0,"k":100,"ix":5},"r":1,"bm":0,"nm":"Fill 1","mn":"ADBE Vector Graphic - Fill","hd":false},{"ty":"tr","p":{"a":0,"k":[0,0],"ix":2},"a":{"a":0,"k":[0,0],"ix":1},"s":{"a":0,"k":[100,100],"ix":3},"r":{"a":0,"k":0,"ix":6},"o":{"a":0,"k":100,"ix":7},"sk":{"a":0,"k":0,"ix":4},"sa":{"a":0,"k":0,"ix":5},"nm":"Transform"}],"nm":"n","np":3,"cix":2,"bm":0,"ix":8,"mn":"ADBE Vector Group","hd":false},{"ty":"gr","it":[{"ind":0,"ty":"sh","ix":1,"ks":{"a":0,"k":{"i":[[0,0],[0,0],[0,0],[0,0]],"o":[[0,0],[0,0],[0,0],[0,0]],"v":[[106.893,0],[109.497,0],[109.497,-2.728],[106.893,-2.728]],"c":true},"ix":2},"nm":".","mn":"ADBE Vector Shape - Group","hd":false},{"ty":"fl","c":{"a":0,"k":[0,0,0,1],"ix":4},"o":{"a":0,"k":100,"ix":5},"r":1,"bm":0,"nm":"Fill 1","mn":"ADBE Vector Graphic - Fill","hd":false},{"ty":"tr","p":{"a":0,"k":[0,0],"ix":2},"a":{"a":0,"k":[0,0],"ix":1},"s":{"a":0,"k":[100,100],"ix":3},"r":{"a":0,"k":0,"ix":6},"o":{"a":0,"k":100,"ix":7},"sk":{"a":0,"k":0,"ix":4},"sa":{"a":0,"k":0,"ix":5},"nm":"Transform"}],"nm":".","np":3,"cix":2,"bm":0,"ix":9,"mn":"ADBE Vector Group","hd":false},{"ty":"gr","it":[{"ind":0,"ty":"sh","ix":1,"ks":{"a":0,"k":{"i":[[0,0],[3.241,0],[0,-4.697],[-5.107,0],[-1.313,1.354],[-0.062,0.882],[0,0],[1.333,0],[0,0.882],[-2.359,0],[-0.062,-0.513]],"o":[[0,-2.954],[-4.164,0],[0,3.671],[1.354,0],[1.19,-1.231],[0,0],[-0.062,1.969],[-3.097,0],[0,-3.056],[2.154,0],[0,0]],"v":[[124.04,-9.989],[118.523,-14.911],[111.734,-7.097],[118.502,0.349],[122.83,-1.313],[124.163,-4.799],[120.82,-4.799],[118.154,-1.99],[115.057,-7.076],[118.4,-12.593],[120.8,-9.989]],"c":true},"ix":2},"nm":"c","mn":"ADBE Vector Shape - Group","hd":false},{"ty":"fl","c":{"a":0,"k":[0,0,0,1],"ix":4},"o":{"a":0,"k":100,"ix":5},"r":1,"bm":0,"nm":"Fill 1","mn":"ADBE Vector Graphic - Fill","hd":false},{"ty":"tr","p":{"a":0,"k":[0,0],"ix":2},"a":{"a":0,"k":[0,0],"ix":1},"s":{"a":0,"k":[100,100],"ix":3},"r":{"a":0,"k":0,"ix":6},"o":{"a":0,"k":100,"ix":7},"sk":{"a":0,"k":0,"ix":4},"sa":{"a":0,"k":0,"ix":5},"nm":"Transform"}],"nm":"c","np":3,"cix":2,"bm":0,"ix":10,"mn":"ADBE Vector Group","hd":false},{"ty":"gr","it":[{"ind":0,"ty":"sh","ix":1,"ks":{"a":0,"k":{"i":[[0,-3.938],[-1.62,-1.723],[-1.949,0],[-1.641,1.846],[0,2.154],[1.579,1.805],[1.579,0]],"o":[[0,1.354],[1.354,1.415],[1.231,0],[1.21,-1.354],[0,-1.456],[-1.456,-1.641],[-5.333,0]],"v":[[125.482,-7.199],[127.308,-1.661],[132.558,0.369],[137.829,-1.743],[139.696,-7.548],[137.809,-13.127],[132.599,-15.137]],"c":true},"ix":2},"nm":"o","mn":"ADBE Vector Shape - Group","hd":false},{"ind":1,"ty":"sh","ix":2,"ks":{"a":0,"k":{"i":[[0,1.415],[-0.841,1.026],[-1.19,0],[-0.615,-1.825],[0,-0.718],[0.492,-0.738],[1.292,0],[0.451,0.615]],"o":[[0,-1.682],[0.595,-0.759],[1.518,0],[0.308,0.902],[0,2.359],[-0.595,0.923],[-1.477,0],[-0.882,-1.149]],"v":[[128.805,-7.302],[129.892,-11.609],[132.62,-12.86],[136.004,-10.235],[136.373,-7.589],[135.368,-3.343],[132.599,-1.969],[129.912,-3.159]],"c":true},"ix":2},"nm":"o","mn":"ADBE Vector Shape - Group","hd":false},{"ty":"mm","mm":1,"nm":"Merge Paths 1","mn":"ADBE Vector Filter - Merge","hd":false},{"ty":"fl","c":{"a":0,"k":[0,0,0,1],"ix":4},"o":{"a":0,"k":100,"ix":5},"r":1,"bm":0,"nm":"Fill 1","mn":"ADBE Vector Graphic - Fill","hd":false},{"ty":"tr","p":{"a":0,"k":[0,0],"ix":2},"a":{"a":0,"k":[0,0],"ix":1},"s":{"a":0,"k":[100,100],"ix":3},"r":{"a":0,"k":0,"ix":6},"o":{"a":0,"k":100,"ix":7},"sk":{"a":0,"k":0,"ix":4},"sa":{"a":0,"k":0,"ix":5},"nm":"Transform"}],"nm":"o","np":5,"cix":2,"bm":0,"ix":11,"mn":"ADBE Vector Group","hd":false},{"ty":"gr","it":[{"ind":0,"ty":"sh","ix":1,"ks":{"a":0,"k":{"i":[[0,0],[0,0],[0,0],[0,0],[0,0],[0,0],[0,0],[0,0],[0,0],[0,0],[0,0],[0,0],[0,0]],"o":[[0,0],[0,0],[0,0],[0,0],[0,0],[0,0],[0,0],[0,0],[0,0],[0,0],[0,0],[0,0],[0,0]],"v":[[141.696,0],[144.67,0],[144.67,-12.716],[148.629,0],[151.254,0],[155.295,-12.716],[155.295,0],[158.453,0],[158.453,-14.829],[153.408,-14.829],[150.024,-4.041],[146.885,-14.829],[141.696,-14.829]],"c":true},"ix":2},"nm":"m","mn":"ADBE Vector Shape - Group","hd":false},{"ty":"fl","c":{"a":0,"k":[0,0,0,1],"ix":4},"o":{"a":0,"k":100,"ix":5},"r":1,"bm":0,"nm":"Fill 1","mn":"ADBE Vector Graphic - Fill","hd":false},{"ty":"tr","p":{"a":0,"k":[0,0],"ix":2},"a":{"a":0,"k":[0,0],"ix":1},"s":{"a":0,"k":[100,100],"ix":3},"r":{"a":0,"k":0,"ix":6},"o":{"a":0,"k":100,"ix":7},"sk":{"a":0,"k":0,"ix":4},"sa":{"a":0,"k":0,"ix":5},"nm":"Transform"}],"nm":"m","np":3,"cix":2,"bm":0,"ix":12,"mn":"ADBE Vector Group","hd":false}],"ip":1.04166666666667,"op":10.4166666666667,"st":0,"bm":0},{"ddd":0,"ind":3,"ty":3,"nm":"Color  & Stroke Change","sr":1,"ks":{"o":{"a":0,"k":0,"ix":11},"r":{"a":0,"k":0,"ix":10},"p":{"a":0,"k":[0,0],"ix":2,"l":2},"a":{"a":0,"k":[0,0,0],"ix":1,"l":2},"s":{"a":0,"k":[100,100,100],"ix":6,"l":2}},"ao":0,"ef":[{"ty":5,"nm":"Primary","np":3,"mn":"ADBE Color Control","ix":1,"en":1,"ef":[{"ty":2,"nm":"Color","mn":"ADBE Color Control-0001","ix":1,"v":{"a":0,"k":[0.070588238537,0.074509806931,0.192156866193,1],"ix":1}}]},{"ty":5,"nm":"Secondary","np":3,"mn":"ADBE Color Control","ix":2,"en":1,"ef":[{"ty":2,"nm":"Color","mn":"ADBE Color Control-0001","ix":1,"v":{"a":0,"k":[0.031372550875,0.658823549747,0.541176497936,1],"ix":1}}]},{"ty":5,"nm":"Stroke","np":3,"mn":"ADBE Slider Control","ix":3,"en":1,"ef":[{"ty":0,"nm":"Slider","mn":"ADBE Slider Control-0001","ix":1,"v":{"a":0,"k":70,"ix":1}}]},{"ty":5,"nm":"Scale","np":3,"mn":"ADBE Slider Control","ix":4,"en":1,"ef":[{"ty":0,"nm":"Slider","mn":"ADBE Slider Control-0001","ix":1,"v":{"a":0,"k":100,"ix":1}}]},{"ty":5,"nm":"Axis","np":3,"mn":"ADBE Point Control","ix":5,"en":1,"ef":[{"ty":3,"nm":"Point","mn":"ADBE Point Control-0001","ix":1,"v":{"a":0,"k":[250,250],"ix":1}}]},{"ty":5,"nm":"State-Hover","np":3,"mn":"ADBE Slider Control","ix":6,"en":1,"ef":[{"ty":0,"nm":"Slider","mn":"ADBE Slider Control-0001","ix":1,"v":{"a":0,"k":1,"ix":1}}]},{"ty":5,"nm":"State-Loop","np":3,"mn":"ADBE Slider Control","ix":7,"en":1,"ef":[{"ty":0,"nm":"Slider","mn":"ADBE Slider Control-0001","ix":1,"v":{"a":0,"k":0,"ix":1}}]}],"ip":0,"op":125,"st":0,"bm":0},{"ddd":0,"ind":4,"ty":3,"nm":"NULL","sr":1,"ks":{"o":{"a":0,"k":0,"ix":11},"r":{"a":0,"k":0,"ix":10},"p":{"a":0,"k":[250,250,0],"ix":2,"l":2,"x":"var $bm_rt;\n$bm_rt = thisComp.layer('Color  & Stroke Change').effect('Axis')('Point');"},"a":{"a":0,"k":[60,60,0],"ix":1,"l":2},"s":{"a":0,"k":[100,100,100],"ix":6,"l":2,"x":"var $bm_rt;\nvar temp;\ntemp = thisComp.layer('Color  & Stroke Change').effect('Scale')('Slider');\n$bm_rt = [\n    temp,\n    temp\n];"}},"ao":0,"ip":0,"op":125,"st":0,"bm":0},{"ddd":0,"ind":5,"ty":0,"nm":"hover-1","parent":4,"refId":"comp_0","sr":1,"ks":{"o":{"a":0,"k":100,"ix":11,"x":"var $bm_rt;\n$bm_rt = $bm_mul(thisComp.layer('Color  & Stroke Change').effect('State-Hover')('Slider'), 100);"},"r":{"a":0,"k":0,"ix":10},"p":{"a":0,"k":[60,60,0],"ix":2,"l":2},"a":{"a":0,"k":[250,250,0],"ix":1,"l":2},"s":{"a":0,"k":[100,100,100],"ix":6,"l":2}},"ao":0,"tm":{"a":1,"k":[{"i":{"x":[0.13],"y":[1]},"o":{"x":[0.167],"y":[0.167]},"t":0,"s":[0]},{"t":36,"s":[3.939]}],"ix":2},"w":500,"h":500,"ip":0,"op":51,"st":0,"bm":0},{"ddd":0,"ind":6,"ty":0,"nm":"loop-1","parent":4,"refId":"comp_0","sr":1,"ks":{"o":{"a":0,"k":100,"ix":11,"x":"var $bm_rt;\n$bm_rt = $bm_mul(thisComp.layer('Color  & Stroke Change').effect('State-Loop')('Slider'), 100);"},"r":{"a":0,"k":0,"ix":10},"p":{"a":0,"k":[60,60,0],"ix":2,"l":2},"a":{"a":0,"k":[250,250,0],"ix":1,"l":2},"s":{"a":0,"k":[100,100,100],"ix":6,"l":2}},"ao":0,"tm":{"a":1,"k":[{"i":{"x":[0.667],"y":[1]},"o":{"x":[0.333],"y":[0]},"t":0,"s":[0]},{"i":{"x":[0.667],"y":[1]},"o":{"x":[0.333],"y":[0]},"t":18,"s":[1.97]},{"t":36,"s":[3.939]}],"ix":2},"w":500,"h":500,"ip":0,"op":51,"st":0,"bm":0}],"markers":[],"features":["states"]}