{"v":"5.7.6","fr":24,"ip":0,"op":25,"w":500,"h":500,"nm":"453-savings-pig-outline","ddd":0,"assets":[],"layers":[{"ddd":0,"ind":1,"ty":3,"nm":"02092020","sr":1,"ks":{"o":{"a":0,"k":0,"ix":11},"r":{"a":0,"k":0,"ix":10},"p":{"a":0,"k":[-105,15,0],"ix":2,"l":2},"a":{"a":0,"k":[60,60,0],"ix":1,"l":2},"s":{"a":0,"k":[100,100,100],"ix":6,"l":2}},"ao":0,"ef":[{"ty":5,"nm":"02092020002","np":3,"mn":"ADBE Checkbox Control","ix":1,"en":1,"ef":[{"ty":7,"nm":"Checkbox","mn":"ADBE Checkbox Control-0001","ix":1,"v":{"a":0,"k":0,"ix":1}}]}],"ip":0,"op":120,"st":0,"bm":0},{"ddd":0,"ind":2,"ty":4,"nm":"lordicon.com Outlines","cl":"com","sr":1,"ks":{"o":{"a":0,"k":20,"ix":11,"x":"var $bm_rt;\nvar checkbox = thisComp.layer('02092020').effect('02092020002')('Checkbox');\nif (checkbox == 1) {\n    $bm_rt = 20;\n} else {\n    $bm_rt = 0;\n}\n;"},"r":{"a":0,"k":0,"ix":10},"p":{"a":0,"k":[249.934,481.369,0],"ix":2,"l":2},"a":{"a":0,"k":[79.934,0.369,0],"ix":1,"l":2},"s":{"a":0,"k":[265.159,265.159,100],"ix":6,"l":2}},"ao":0,"shapes":[{"ty":"gr","it":[{"ind":0,"ty":"sh","ix":1,"ks":{"a":0,"k":{"i":[[0,0],[0,0],[0,0],[0,0],[0,0],[0,0]],"o":[[0,0],[0,0],[0,0],[0,0],[0,0],[0,0]],"v":[[1.415,0],[11.014,0],[11.014,-2.523],[4.656,-2.523],[4.656,-14.809],[1.415,-14.809]],"c":true},"ix":2},"nm":"l","mn":"ADBE Vector Shape - Group","hd":false},{"ty":"fl","c":{"a":0,"k":[0,0,0,1],"ix":4},"o":{"a":0,"k":100,"ix":5},"r":1,"bm":0,"nm":"Fill 1","mn":"ADBE Vector Graphic - Fill","hd":false},{"ty":"tr","p":{"a":0,"k":[0,0],"ix":2},"a":{"a":0,"k":[0,0],"ix":1},"s":{"a":0,"k":[100,100],"ix":3},"r":{"a":0,"k":0,"ix":6},"o":{"a":0,"k":100,"ix":7},"sk":{"a":0,"k":0,"ix":4},"sa":{"a":0,"k":0,"ix":5},"nm":"Transform"}],"nm":"l","np":3,"cix":2,"bm":0,"ix":1,"mn":"ADBE Vector Group","hd":false},{"ty":"gr","it":[{"ind":0,"ty":"sh","ix":1,"ks":{"a":0,"k":{"i":[[0,-3.938],[-1.62,-1.723],[-1.949,0],[-1.641,1.846],[0,2.154],[1.579,1.805],[1.579,0]],"o":[[0,1.354],[1.354,1.415],[1.231,0],[1.21,-1.354],[0,-1.456],[-1.456,-1.641],[-5.333,0]],"v":[[11.167,-7.199],[12.992,-1.661],[18.243,0.369],[23.514,-1.743],[25.381,-7.548],[23.494,-13.127],[18.284,-15.137]],"c":true},"ix":2},"nm":"o","mn":"ADBE Vector Shape - Group","hd":false},{"ind":1,"ty":"sh","ix":2,"ks":{"a":0,"k":{"i":[[0,1.415],[-0.841,1.026],[-1.19,0],[-0.615,-1.825],[0,-0.718],[0.492,-0.738],[1.292,0],[0.451,0.615]],"o":[[0,-1.682],[0.595,-0.759],[1.518,0],[0.308,0.902],[0,2.359],[-0.595,0.923],[-1.477,0],[-0.882,-1.149]],"v":[[14.49,-7.302],[15.577,-11.609],[18.305,-12.86],[21.689,-10.235],[22.058,-7.589],[21.053,-3.343],[18.284,-1.969],[15.597,-3.159]],"c":true},"ix":2},"nm":"o","mn":"ADBE Vector Shape - Group","hd":false},{"ty":"mm","mm":1,"nm":"Merge Paths 1","mn":"ADBE Vector Filter - Merge","hd":false},{"ty":"fl","c":{"a":0,"k":[0,0,0,1],"ix":4},"o":{"a":0,"k":100,"ix":5},"r":1,"bm":0,"nm":"Fill 1","mn":"ADBE Vector Graphic - Fill","hd":false},{"ty":"tr","p":{"a":0,"k":[0,0],"ix":2},"a":{"a":0,"k":[0,0],"ix":1},"s":{"a":0,"k":[100,100],"ix":3},"r":{"a":0,"k":0,"ix":6},"o":{"a":0,"k":100,"ix":7},"sk":{"a":0,"k":0,"ix":4},"sa":{"a":0,"k":0,"ix":5},"nm":"Transform"}],"nm":"o","np":5,"cix":2,"bm":0,"ix":2,"mn":"ADBE Vector Group","hd":false},{"ty":"gr","it":[{"ind":0,"ty":"sh","ix":1,"ks":{"a":0,"k":{"i":[[0,0],[0,0],[0,0],[0,0],[-0.287,-0.841],[-0.144,-0.82],[0,0],[0.164,0.656],[0.226,1.743],[2.236,0.205],[0,2.769],[0.923,0.8],[1.641,-0.021],[0,0]],"o":[[0,0],[0,0],[0,0],[0.533,0],[0.205,0.574],[0,0],[-0.164,-0.246],[-0.103,-0.41],[-0.267,-1.928],[0.718,-0.205],[0,-0.964],[-1.19,-1.026],[0,0],[0,0]],"v":[[27.381,0],[30.622,0],[30.622,-5.989],[33.411,-5.989],[35.011,-5.148],[35.811,0],[39.318,0],[38.867,-1.067],[38.416,-3.938],[35.749,-7.343],[38.847,-10.973],[37.554,-13.824],[33.063,-14.829],[27.381,-14.829]],"c":true},"ix":2},"nm":"r","mn":"ADBE Vector Shape - Group","hd":false},{"ind":1,"ty":"sh","ix":2,"ks":{"a":0,"k":{"i":[[0,0],[0,0],[-0.492,-0.349],[0,-1.005],[0.226,-0.164],[0.369,0],[0,0]],"o":[[0,0],[1.005,0],[0.287,0.185],[0,1.046],[-0.513,0.41],[0,0],[0,0]],"v":[[30.519,-12.491],[32.652,-12.491],[34.744,-12.142],[35.524,-10.481],[34.703,-8.758],[33.083,-8.348],[30.519,-8.348]],"c":true},"ix":2},"nm":"r","mn":"ADBE Vector Shape - Group","hd":false},{"ty":"mm","mm":1,"nm":"Merge Paths 1","mn":"ADBE Vector Filter - Merge","hd":false},{"ty":"fl","c":{"a":0,"k":[0,0,0,1],"ix":4},"o":{"a":0,"k":100,"ix":5},"r":1,"bm":0,"nm":"Fill 1","mn":"ADBE Vector Graphic - Fill","hd":false},{"ty":"tr","p":{"a":0,"k":[0,0],"ix":2},"a":{"a":0,"k":[0,0],"ix":1},"s":{"a":0,"k":[100,100],"ix":3},"r":{"a":0,"k":0,"ix":6},"o":{"a":0,"k":100,"ix":7},"sk":{"a":0,"k":0,"ix":4},"sa":{"a":0,"k":0,"ix":5},"nm":"Transform"}],"nm":"r","np":5,"cix":2,"bm":0,"ix":3,"mn":"ADBE Vector Group","hd":false},{"ty":"gr","it":[{"ind":0,"ty":"sh","ix":1,"ks":{"a":0,"k":{"i":[[0,0],[0,0],[-0.554,0.103],[0,4.553],[1.866,1.374],[0.82,0],[0,0]],"o":[[0,0],[1.497,0],[2.81,-0.513],[0,-2.113],[-1.784,-1.313],[0,0],[0,0]],"v":[[41.068,0],[45.683,0],[48.349,-0.164],[53.6,-7.609],[51.077,-13.434],[45.97,-14.768],[41.068,-14.788]],"c":true},"ix":2},"nm":"d","mn":"ADBE Vector Shape - Group","hd":false},{"ind":1,"ty":"sh","ix":2,"ks":{"a":0,"k":{"i":[[0,0],[-0.656,-0.185],[0,-2.092],[1.251,-1.251],[1.354,0],[0.349,0.021]],"o":[[1.825,-0.082],[1.99,0.554],[0,0.718],[-0.923,0.923],[-0.369,0],[0,0]],"v":[[44.288,-12.388],[47.611,-12.183],[50.318,-7.609],[48.985,-3.425],[45.539,-2.4],[44.288,-2.441]],"c":true},"ix":2},"nm":"d","mn":"ADBE Vector Shape - Group","hd":false},{"ty":"mm","mm":1,"nm":"Merge Paths 1","mn":"ADBE Vector Filter - Merge","hd":false},{"ty":"fl","c":{"a":0,"k":[0,0,0,1],"ix":4},"o":{"a":0,"k":100,"ix":5},"r":1,"bm":0,"nm":"Fill 1","mn":"ADBE Vector Graphic - Fill","hd":false},{"ty":"tr","p":{"a":0,"k":[0,0],"ix":2},"a":{"a":0,"k":[0,0],"ix":1},"s":{"a":0,"k":[100,100],"ix":3},"r":{"a":0,"k":0,"ix":6},"o":{"a":0,"k":100,"ix":7},"sk":{"a":0,"k":0,"ix":4},"sa":{"a":0,"k":0,"ix":5},"nm":"Transform"}],"nm":"d","np":5,"cix":2,"bm":0,"ix":4,"mn":"ADBE Vector Group","hd":false},{"ty":"gr","it":[{"ind":0,"ty":"sh","ix":1,"ks":{"a":0,"k":{"i":[[0,0],[0,0],[0,0],[0,0]],"o":[[0,0],[0,0],[0,0],[0,0]],"v":[[55.669,0],[58.849,0],[58.849,-14.87],[55.669,-14.87]],"c":true},"ix":2},"nm":"i","mn":"ADBE Vector Shape - Group","hd":false},{"ty":"fl","c":{"a":0,"k":[0,0,0,1],"ix":4},"o":{"a":0,"k":100,"ix":5},"r":1,"bm":0,"nm":"Fill 1","mn":"ADBE Vector Graphic - Fill","hd":false},{"ty":"tr","p":{"a":0,"k":[0,0],"ix":2},"a":{"a":0,"k":[0,0],"ix":1},"s":{"a":0,"k":[100,100],"ix":3},"r":{"a":0,"k":0,"ix":6},"o":{"a":0,"k":100,"ix":7},"sk":{"a":0,"k":0,"ix":4},"sa":{"a":0,"k":0,"ix":5},"nm":"Transform"}],"nm":"i","np":3,"cix":2,"bm":0,"ix":5,"mn":"ADBE Vector Group","hd":false},{"ty":"gr","it":[{"ind":0,"ty":"sh","ix":1,"ks":{"a":0,"k":{"i":[[0,0],[3.241,0],[0,-4.697],[-5.107,0],[-1.313,1.354],[-0.062,0.882],[0,0],[1.333,0],[0,0.882],[-2.359,0],[-0.062,-0.513]],"o":[[0,-2.954],[-4.164,0],[0,3.671],[1.354,0],[1.19,-1.231],[0,0],[-0.062,1.969],[-3.097,0],[0,-3.056],[2.154,0],[0,0]],"v":[[73.104,-9.989],[67.587,-14.911],[60.798,-7.097],[67.566,0.349],[71.894,-1.313],[73.227,-4.799],[69.884,-4.799],[67.218,-1.99],[64.121,-7.076],[67.464,-12.593],[69.864,-9.989]],"c":true},"ix":2},"nm":"c","mn":"ADBE Vector Shape - Group","hd":false},{"ty":"fl","c":{"a":0,"k":[0,0,0,1],"ix":4},"o":{"a":0,"k":100,"ix":5},"r":1,"bm":0,"nm":"Fill 1","mn":"ADBE Vector Graphic - Fill","hd":false},{"ty":"tr","p":{"a":0,"k":[0,0],"ix":2},"a":{"a":0,"k":[0,0],"ix":1},"s":{"a":0,"k":[100,100],"ix":3},"r":{"a":0,"k":0,"ix":6},"o":{"a":0,"k":100,"ix":7},"sk":{"a":0,"k":0,"ix":4},"sa":{"a":0,"k":0,"ix":5},"nm":"Transform"}],"nm":"c","np":3,"cix":2,"bm":0,"ix":6,"mn":"ADBE Vector Group","hd":false},{"ty":"gr","it":[{"ind":0,"ty":"sh","ix":1,"ks":{"a":0,"k":{"i":[[0,-3.938],[-1.62,-1.723],[-1.949,0],[-1.641,1.846],[0,2.154],[1.579,1.805],[1.579,0]],"o":[[0,1.354],[1.354,1.415],[1.231,0],[1.21,-1.354],[0,-1.456],[-1.456,-1.641],[-5.333,0]],"v":[[74.546,-7.199],[76.372,-1.661],[81.622,0.369],[86.894,-1.743],[88.76,-7.548],[86.873,-13.127],[81.663,-15.137]],"c":true},"ix":2},"nm":"o","mn":"ADBE Vector Shape - Group","hd":false},{"ind":1,"ty":"sh","ix":2,"ks":{"a":0,"k":{"i":[[0,1.415],[-0.841,1.026],[-1.19,0],[-0.615,-1.825],[0,-0.718],[0.492,-0.738],[1.292,0],[0.451,0.615]],"o":[[0,-1.682],[0.595,-0.759],[1.518,0],[0.308,0.902],[0,2.359],[-0.595,0.923],[-1.477,0],[-0.882,-1.149]],"v":[[77.869,-7.302],[78.956,-11.609],[81.684,-12.86],[85.068,-10.235],[85.437,-7.589],[84.432,-3.343],[81.663,-1.969],[78.977,-3.159]],"c":true},"ix":2},"nm":"o","mn":"ADBE Vector Shape - Group","hd":false},{"ty":"mm","mm":1,"nm":"Merge Paths 1","mn":"ADBE Vector Filter - Merge","hd":false},{"ty":"fl","c":{"a":0,"k":[0,0,0,1],"ix":4},"o":{"a":0,"k":100,"ix":5},"r":1,"bm":0,"nm":"Fill 1","mn":"ADBE Vector Graphic - Fill","hd":false},{"ty":"tr","p":{"a":0,"k":[0,0],"ix":2},"a":{"a":0,"k":[0,0],"ix":1},"s":{"a":0,"k":[100,100],"ix":3},"r":{"a":0,"k":0,"ix":6},"o":{"a":0,"k":100,"ix":7},"sk":{"a":0,"k":0,"ix":4},"sa":{"a":0,"k":0,"ix":5},"nm":"Transform"}],"nm":"o","np":5,"cix":2,"bm":0,"ix":7,"mn":"ADBE Vector Group","hd":false},{"ty":"gr","it":[{"ind":0,"ty":"sh","ix":1,"ks":{"a":0,"k":{"i":[[0,0],[0,0],[0,0],[0,0],[0,0],[0,0],[0,0],[0,0],[0,0],[0,0]],"o":[[0,0],[0,0],[0,0],[0,0],[0,0],[0,0],[0,0],[0,0],[0,0],[0,0]],"v":[[91.007,0],[94.001,0],[94.001,-12.306],[99.744,0],[104.113,0],[104.113,-14.829],[101.159,-14.829],[101.159,-3.159],[95.601,-14.829],[91.007,-14.829]],"c":true},"ix":2},"nm":"n","mn":"ADBE Vector Shape - Group","hd":false},{"ty":"fl","c":{"a":0,"k":[0,0,0,1],"ix":4},"o":{"a":0,"k":100,"ix":5},"r":1,"bm":0,"nm":"Fill 1","mn":"ADBE Vector Graphic - Fill","hd":false},{"ty":"tr","p":{"a":0,"k":[0,0],"ix":2},"a":{"a":0,"k":[0,0],"ix":1},"s":{"a":0,"k":[100,100],"ix":3},"r":{"a":0,"k":0,"ix":6},"o":{"a":0,"k":100,"ix":7},"sk":{"a":0,"k":0,"ix":4},"sa":{"a":0,"k":0,"ix":5},"nm":"Transform"}],"nm":"n","np":3,"cix":2,"bm":0,"ix":8,"mn":"ADBE Vector Group","hd":false},{"ty":"gr","it":[{"ind":0,"ty":"sh","ix":1,"ks":{"a":0,"k":{"i":[[0,0],[0,0],[0,0],[0,0]],"o":[[0,0],[0,0],[0,0],[0,0]],"v":[[106.893,0],[109.497,0],[109.497,-2.728],[106.893,-2.728]],"c":true},"ix":2},"nm":".","mn":"ADBE Vector Shape - Group","hd":false},{"ty":"fl","c":{"a":0,"k":[0,0,0,1],"ix":4},"o":{"a":0,"k":100,"ix":5},"r":1,"bm":0,"nm":"Fill 1","mn":"ADBE Vector Graphic - Fill","hd":false},{"ty":"tr","p":{"a":0,"k":[0,0],"ix":2},"a":{"a":0,"k":[0,0],"ix":1},"s":{"a":0,"k":[100,100],"ix":3},"r":{"a":0,"k":0,"ix":6},"o":{"a":0,"k":100,"ix":7},"sk":{"a":0,"k":0,"ix":4},"sa":{"a":0,"k":0,"ix":5},"nm":"Transform"}],"nm":".","np":3,"cix":2,"bm":0,"ix":9,"mn":"ADBE Vector Group","hd":false},{"ty":"gr","it":[{"ind":0,"ty":"sh","ix":1,"ks":{"a":0,"k":{"i":[[0,0],[3.241,0],[0,-4.697],[-5.107,0],[-1.313,1.354],[-0.062,0.882],[0,0],[1.333,0],[0,0.882],[-2.359,0],[-0.062,-0.513]],"o":[[0,-2.954],[-4.164,0],[0,3.671],[1.354,0],[1.19,-1.231],[0,0],[-0.062,1.969],[-3.097,0],[0,-3.056],[2.154,0],[0,0]],"v":[[124.04,-9.989],[118.523,-14.911],[111.734,-7.097],[118.502,0.349],[122.83,-1.313],[124.163,-4.799],[120.82,-4.799],[118.154,-1.99],[115.057,-7.076],[118.4,-12.593],[120.8,-9.989]],"c":true},"ix":2},"nm":"c","mn":"ADBE Vector Shape - Group","hd":false},{"ty":"fl","c":{"a":0,"k":[0,0,0,1],"ix":4},"o":{"a":0,"k":100,"ix":5},"r":1,"bm":0,"nm":"Fill 1","mn":"ADBE Vector Graphic - Fill","hd":false},{"ty":"tr","p":{"a":0,"k":[0,0],"ix":2},"a":{"a":0,"k":[0,0],"ix":1},"s":{"a":0,"k":[100,100],"ix":3},"r":{"a":0,"k":0,"ix":6},"o":{"a":0,"k":100,"ix":7},"sk":{"a":0,"k":0,"ix":4},"sa":{"a":0,"k":0,"ix":5},"nm":"Transform"}],"nm":"c","np":3,"cix":2,"bm":0,"ix":10,"mn":"ADBE Vector Group","hd":false},{"ty":"gr","it":[{"ind":0,"ty":"sh","ix":1,"ks":{"a":0,"k":{"i":[[0,-3.938],[-1.62,-1.723],[-1.949,0],[-1.641,1.846],[0,2.154],[1.579,1.805],[1.579,0]],"o":[[0,1.354],[1.354,1.415],[1.231,0],[1.21,-1.354],[0,-1.456],[-1.456,-1.641],[-5.333,0]],"v":[[125.482,-7.199],[127.308,-1.661],[132.558,0.369],[137.829,-1.743],[139.696,-7.548],[137.809,-13.127],[132.599,-15.137]],"c":true},"ix":2},"nm":"o","mn":"ADBE Vector Shape - Group","hd":false},{"ind":1,"ty":"sh","ix":2,"ks":{"a":0,"k":{"i":[[0,1.415],[-0.841,1.026],[-1.19,0],[-0.615,-1.825],[0,-0.718],[0.492,-0.738],[1.292,0],[0.451,0.615]],"o":[[0,-1.682],[0.595,-0.759],[1.518,0],[0.308,0.902],[0,2.359],[-0.595,0.923],[-1.477,0],[-0.882,-1.149]],"v":[[128.805,-7.302],[129.892,-11.609],[132.62,-12.86],[136.004,-10.235],[136.373,-7.589],[135.368,-3.343],[132.599,-1.969],[129.912,-3.159]],"c":true},"ix":2},"nm":"o","mn":"ADBE Vector Shape - Group","hd":false},{"ty":"mm","mm":1,"nm":"Merge Paths 1","mn":"ADBE Vector Filter - Merge","hd":false},{"ty":"fl","c":{"a":0,"k":[0,0,0,1],"ix":4},"o":{"a":0,"k":100,"ix":5},"r":1,"bm":0,"nm":"Fill 1","mn":"ADBE Vector Graphic - Fill","hd":false},{"ty":"tr","p":{"a":0,"k":[0,0],"ix":2},"a":{"a":0,"k":[0,0],"ix":1},"s":{"a":0,"k":[100,100],"ix":3},"r":{"a":0,"k":0,"ix":6},"o":{"a":0,"k":100,"ix":7},"sk":{"a":0,"k":0,"ix":4},"sa":{"a":0,"k":0,"ix":5},"nm":"Transform"}],"nm":"o","np":5,"cix":2,"bm":0,"ix":11,"mn":"ADBE Vector Group","hd":false},{"ty":"gr","it":[{"ind":0,"ty":"sh","ix":1,"ks":{"a":0,"k":{"i":[[0,0],[0,0],[0,0],[0,0],[0,0],[0,0],[0,0],[0,0],[0,0],[0,0],[0,0],[0,0],[0,0]],"o":[[0,0],[0,0],[0,0],[0,0],[0,0],[0,0],[0,0],[0,0],[0,0],[0,0],[0,0],[0,0],[0,0]],"v":[[141.696,0],[144.67,0],[144.67,-12.716],[148.629,0],[151.254,0],[155.295,-12.716],[155.295,0],[158.453,0],[158.453,-14.829],[153.408,-14.829],[150.024,-4.041],[146.885,-14.829],[141.696,-14.829]],"c":true},"ix":2},"nm":"m","mn":"ADBE Vector Shape - Group","hd":false},{"ty":"fl","c":{"a":0,"k":[0,0,0,1],"ix":4},"o":{"a":0,"k":100,"ix":5},"r":1,"bm":0,"nm":"Fill 1","mn":"ADBE Vector Graphic - Fill","hd":false},{"ty":"tr","p":{"a":0,"k":[0,0],"ix":2},"a":{"a":0,"k":[0,0],"ix":1},"s":{"a":0,"k":[100,100],"ix":3},"r":{"a":0,"k":0,"ix":6},"o":{"a":0,"k":100,"ix":7},"sk":{"a":0,"k":0,"ix":4},"sa":{"a":0,"k":0,"ix":5},"nm":"Transform"}],"nm":"m","np":3,"cix":2,"bm":0,"ix":12,"mn":"ADBE Vector Group","hd":false}],"ip":1,"op":10,"st":0,"bm":0},{"ddd":0,"ind":3,"ty":3,"nm":"Color  & Stroke Change","sr":1,"ks":{"o":{"a":0,"k":0,"ix":11},"r":{"a":0,"k":0,"ix":10},"p":{"a":0,"k":[0,0],"ix":2,"l":2},"a":{"a":0,"k":[0,0,0],"ix":1,"l":2},"s":{"a":0,"k":[100,100,100],"ix":6,"l":2}},"ao":0,"ef":[{"ty":5,"nm":"Primary","np":3,"mn":"ADBE Color Control","ix":1,"en":1,"ef":[{"ty":2,"nm":"Color","mn":"ADBE Color Control-0001","ix":1,"v":{"a":0,"k":[0.070588238537,0.074509806931,0.192156866193,1],"ix":1}}]},{"ty":5,"nm":"Secondary","np":3,"mn":"ADBE Color Control","ix":2,"en":1,"ef":[{"ty":2,"nm":"Color","mn":"ADBE Color Control-0001","ix":1,"v":{"a":0,"k":[0.031372550875,0.658823549747,0.541176497936,1],"ix":1}}]},{"ty":5,"nm":"Stroke","np":3,"mn":"ADBE Slider Control","ix":3,"en":1,"ef":[{"ty":0,"nm":"Slider","mn":"ADBE Slider Control-0001","ix":1,"v":{"a":0,"k":70,"ix":1}}]},{"ty":5,"nm":"Scale","np":3,"mn":"ADBE Slider Control","ix":4,"en":1,"ef":[{"ty":0,"nm":"Slider","mn":"ADBE Slider Control-0001","ix":1,"v":{"a":0,"k":100,"ix":1}}]},{"ty":5,"nm":"Axis","np":3,"mn":"ADBE Point Control","ix":5,"en":1,"ef":[{"ty":3,"nm":"Point","mn":"ADBE Point Control-0001","ix":1,"v":{"a":0,"k":[250,250],"ix":1}}]}],"ip":0,"op":120,"st":0,"bm":0},{"ddd":0,"ind":4,"ty":3,"nm":"NULL 2","sr":1,"ks":{"o":{"a":0,"k":0,"ix":11},"r":{"a":0,"k":0,"ix":10},"p":{"a":0,"k":[250,250,0],"ix":2,"l":2,"x":"var $bm_rt;\n$bm_rt = thisComp.layer('Color  & Stroke Change').effect('Axis')('Point');"},"a":{"a":0,"k":[60,60,0],"ix":1,"l":2},"s":{"a":0,"k":[100,100,100],"ix":6,"l":2,"x":"var $bm_rt;\nvar temp;\ntemp = thisComp.layer('Color  & Stroke Change').effect('Scale')('Slider');\n$bm_rt = [\n    temp,\n    temp\n];"}},"ao":0,"ip":0,"op":120,"st":0,"bm":0},{"ddd":0,"ind":5,"ty":4,"nm":"Shape Layer 6","parent":4,"sr":1,"ks":{"o":{"a":0,"k":100,"ix":11},"r":{"a":0,"k":0,"ix":10},"p":{"a":0,"k":[55.982,109.5,0],"ix":2,"l":2},"a":{"a":0,"k":[1.982,43,0],"ix":1,"l":2},"s":{"a":0,"k":[100,100,100],"ix":6,"l":2}},"ao":0,"shapes":[{"ty":"gr","it":[{"ind":0,"ty":"sh","ix":1,"ks":{"a":1,"k":[{"i":{"x":0.667,"y":1},"o":{"x":0.167,"y":0.167},"t":6,"s":[{"i":[[7.525,0],[0,-7.525],[-7.525,0],[0,7.525]],"o":[[-7.525,0],[0,7.525],[7.525,0],[0,-7.525]],"v":[[-2,-16.125],[-15.625,-2.5],[-2,11.125],[11.625,-2.5]],"c":true}]},{"i":{"x":0.667,"y":1},"o":{"x":0.333,"y":0},"t":9,"s":[{"i":[[11.313,0],[0,-2.438],[-11.313,0],[0,2.438]],"o":[[-11.313,0],[0,2.438],[11.313,0],[0,-2.438]],"v":[[6,26.625],[-5,28.25],[6,29.875],[17,28.25]],"c":true}]},{"i":{"x":0.667,"y":1},"o":{"x":0.333,"y":0},"t":11,"s":[{"i":[[7.525,0],[0,-7.525],[-7.525,0],[0,7.525]],"o":[[-7.525,0],[0,7.525],[7.525,0],[0,-7.525]],"v":[[-7.625,-20.375],[-21.25,-6.75],[-7.625,6.875],[6,-6.75]],"c":true}]},{"t":13,"s":[{"i":[[7.525,0],[0,-7.525],[-7.525,0],[0,7.525]],"o":[[-7.525,0],[0,7.525],[7.525,0],[0,-7.525]],"v":[[-1.875,-15.875],[-15.5,-2.25],[-1.875,11.375],[11.75,-2.25]],"c":true}]}],"ix":2},"nm":"Path 1","mn":"ADBE Vector Shape - Group","hd":false},{"ty":"fl","c":{"a":0,"k":[0.070588235294,0.074509803922,0.192156877705,1],"ix":4,"x":"var $bm_rt;\n$bm_rt = content('Ellipse 1').content('Stroke 1').color;"},"o":{"a":0,"k":100,"ix":5},"r":1,"bm":0,"nm":"Fill 1","mn":"ADBE Vector Graphic - Fill","hd":false},{"ty":"tr","p":{"a":0,"k":[84.75,-29.625],"ix":2},"a":{"a":0,"k":[0,0],"ix":1},"s":{"a":0,"k":[100,100],"ix":3},"r":{"a":0,"k":0,"ix":6},"o":{"a":0,"k":100,"ix":7},"sk":{"a":0,"k":0,"ix":4},"sa":{"a":0,"k":0,"ix":5},"nm":"Transform"}],"nm":"Ellipse 3","np":2,"cix":2,"bm":0,"ix":1,"mn":"ADBE Vector Group","hd":false},{"ty":"gr","it":[{"ind":0,"ty":"sh","ix":1,"ks":{"a":1,"k":[{"i":{"x":0.667,"y":1},"o":{"x":0.167,"y":0.167},"t":6,"s":[{"i":[[0,0],[-27.5,-0.006],[0,0]],"o":[[0,0],[27.5,0.006],[0,0]],"v":[[61.327,14.494],[95.913,10.994],[132.946,14.494]],"c":false}]},{"i":{"x":0.667,"y":1},"o":{"x":0.333,"y":0},"t":9,"s":[{"i":[[0,0],[-29.542,-0.005],[0,0]],"o":[[0,0],[29.542,0.005],[0,0]],"v":[[60.768,50.355],[97.845,53.915],[137.704,50.355]],"c":false}]},{"i":{"x":0.667,"y":1},"o":{"x":0.333,"y":0},"t":11,"s":[{"i":[[0,0],[-25.682,-0.006],[0,0]],"o":[[0,0],[25.682,0.006],[0,0]],"v":[[62.715,9.071],[95.015,5.462],[129.599,9.071]],"c":false}]},{"i":{"x":0.667,"y":1},"o":{"x":0.167,"y":0},"t":13,"s":[{"i":[[0,0],[-27.5,-0.006],[0,0]],"o":[[0,0],[27.5,0.006],[0,0]],"v":[[61.327,14.494],[95.913,10.994],[132.946,14.494]],"c":false}]},{"t":15,"s":[{"i":[[0,0],[-27.5,-0.006],[0,0]],"o":[[0,0],[27.5,0.006],[0,0]],"v":[[61.327,14.494],[95.913,10.994],[132.946,14.494]],"c":false}]}],"ix":2},"nm":"Path 1","mn":"ADBE Vector Shape - Group","hd":false},{"ty":"st","c":{"a":0,"k":[0.03137254902,0.658823529412,0.541176470588,1],"ix":3,"x":"var $bm_rt;\n$bm_rt = thisComp.layer('Color  & Stroke Change').effect('Primary')('Color');"},"o":{"a":0,"k":100,"ix":4},"w":{"a":0,"k":18,"ix":5,"x":"var $bm_rt;\n$bm_rt = $bm_mul(18 / 100, thisComp.layer('Color  & Stroke Change').effect('Stroke')('Slider'));"},"lc":2,"lj":2,"bm":0,"nm":"Stroke 1","mn":"ADBE Vector Graphic - Stroke","hd":false},{"ty":"tr","p":{"a":0,"k":[-88,-78],"ix":2},"a":{"a":0,"k":[0,0],"ix":1},"s":{"a":0,"k":[100,100],"ix":3},"r":{"a":0,"k":0,"ix":6},"o":{"a":0,"k":100,"ix":7},"sk":{"a":0,"k":0,"ix":4},"sa":{"a":0,"k":0,"ix":5},"nm":"Transform"}],"nm":"Ellipse 1","np":2,"cix":2,"bm":0,"ix":2,"mn":"ADBE Vector Group","hd":false}],"ip":0,"op":120,"st":0,"bm":0},{"ddd":0,"ind":6,"ty":4,"nm":"Shape Layer 5","parent":4,"td":1,"sr":1,"ks":{"o":{"a":0,"k":100,"ix":11},"r":{"a":0,"k":0,"ix":10},"p":{"a":0,"k":[60,60,0],"ix":2,"l":2},"a":{"a":0,"k":[0,0,0],"ix":1,"l":2},"s":{"a":0,"k":[100,100,100],"ix":6,"l":2}},"ao":0,"shapes":[{"ty":"gr","it":[{"ind":0,"ty":"sh","ix":1,"ks":{"a":1,"k":[{"i":{"x":0.833,"y":0.833},"o":{"x":0.167,"y":0.167},"t":6,"s":[{"i":[[15.776,0],[13.408,-3.038],[0,-15.769],[-53.088,0],[0,22.713],[31.067,6.815]],"o":[[-16.23,0],[-30.452,6.9],[0,22.713],[53.088,0],[0,-15.963],[-13.135,-2.881]],"v":[[3.625,-33.324],[-41.303,-28.565],[-92.5,7.801],[3.625,48.926],[99.75,7.801],[47.424,-28.817]],"c":true}]},{"i":{"x":0.833,"y":0.833},"o":{"x":0.167,"y":0.167},"t":7,"s":[{"i":[[15.776,0],[13.408,-3.038],[0,-15.769],[-53.088,0],[0,22.713],[31.067,6.815]],"o":[[-16.23,0],[-30.452,6.9],[0,22.713],[53.088,0],[0,-15.963],[-13.135,-2.881]],"v":[[3.593,-15.899],[-41.257,-20.139],[-92.453,16.226],[3.672,87.258],[99.797,16.226],[47.47,-20.391]],"c":true}]},{"i":{"x":0.667,"y":1},"o":{"x":0.167,"y":0.167},"t":8,"s":[{"i":[[11.672,0],[8.358,1.626],[0,-17.566],[-53.088,0],[0,22.713],[36.724,5.784]],"o":[[-12.029,0],[-36.227,5.893],[0,22.713],[53.088,0],[0,-17.719],[-9.504,1.777]],"v":[[3.593,3.953],[-30.608,0.124],[-92.578,38.578],[3.547,139.515],[99.672,38.578],[36.754,-0.027]],"c":true}]},{"i":{"x":0.833,"y":0.833},"o":{"x":0.333,"y":0},"t":9,"s":[{"i":[[15.776,0],[13.408,-3.038],[0,-15.769],[-53.088,0],[0,22.713],[31.067,6.815]],"o":[[-16.23,0],[-30.452,6.9],[0,22.713],[53.088,0],[0,-15.963],[-13.135,-2.881]],"v":[[3.5,-5.75],[-41.428,-0.991],[-92.625,35.375],[3.5,150],[99.625,35.375],[47.299,-1.243]],"c":true}]},{"i":{"x":0.833,"y":0.833},"o":{"x":0.167,"y":0.167},"t":11,"s":[{"i":[[15.776,0],[13.408,-3.038],[0,-15.769],[-53.088,0],[0,22.713],[31.067,6.815]],"o":[[-16.23,0],[-30.452,6.9],[0,22.713],[53.088,0],[0,-15.963],[-13.135,-2.881]],"v":[[3.5,-46.75],[-41.428,-41.991],[-92.625,-5.625],[3.5,168],[99.625,-5.625],[47.299,-42.243]],"c":true}]},{"t":12,"s":[{"i":[[15.776,0],[13.408,-3.038],[0,-15.769],[-53.088,0],[0,22.713],[31.067,6.815]],"o":[[-16.23,0],[-30.452,6.9],[0,22.713],[53.088,0],[0,-15.963],[-13.135,-2.881]],"v":[[3.5,-7.25],[-41.428,-2.491],[-92.625,33.875],[3.5,207.5],[99.625,33.875],[47.299,-2.743]],"c":true}]}],"ix":2},"nm":"Path 1","mn":"ADBE Vector Shape - Group","hd":false},{"ty":"st","c":{"a":0,"k":[0.03137254902,0.658823529412,0.541176470588,1],"ix":3,"x":"var $bm_rt;\n$bm_rt = thisComp.layer('Color  & Stroke Change').effect('Primary')('Color');"},"o":{"a":0,"k":100,"ix":4},"w":{"a":0,"k":18,"ix":5,"x":"var $bm_rt;\n$bm_rt = $bm_mul(1 / 100, thisComp.layer('Color  & Stroke Change').effect('Stroke')('Slider'));"},"lc":1,"lj":1,"ml":4,"bm":9,"nm":"Stroke 1","mn":"ADBE Vector Graphic - Stroke","hd":false},{"ty":"fl","c":{"a":0,"k":[0.070588235294,0.074509803922,0.192156877705,1],"ix":4,"x":"var $bm_rt;\n$bm_rt = content('Ellipse 1').content('Stroke 1').color;"},"o":{"a":0,"k":100,"ix":5},"r":1,"bm":0,"nm":"Fill 1","mn":"ADBE Vector Graphic - Fill","hd":false},{"ty":"tr","p":{"a":0,"k":[-0.5,-27.25],"ix":2},"a":{"a":0,"k":[0,0],"ix":1},"s":{"a":0,"k":[100,100],"ix":3},"r":{"a":0,"k":0,"ix":6},"o":{"a":0,"k":100,"ix":7},"sk":{"a":0,"k":0,"ix":4},"sa":{"a":0,"k":0,"ix":5},"nm":"Transform"}],"nm":"Ellipse 1","np":3,"cix":2,"bm":0,"ix":1,"mn":"ADBE Vector Group","hd":false}],"ip":0,"op":81,"st":0,"bm":0},{"ddd":0,"ind":7,"ty":4,"nm":"coin","parent":4,"tt":2,"sr":1,"ks":{"o":{"a":0,"k":100,"ix":11},"r":{"a":0,"k":0,"ix":10},"p":{"a":0,"k":[63,-60,0],"ix":2,"l":2},"a":{"a":0,"k":[3,-120,0],"ix":1,"l":2},"s":{"a":0,"k":[100,100,100],"ix":6,"l":2}},"ao":0,"shapes":[{"ty":"gr","it":[{"ind":0,"ty":"sh","ix":1,"ks":{"a":1,"k":[{"i":{"x":0.667,"y":1},"o":{"x":0.167,"y":0.167},"t":16,"s":[{"i":[[4.418,0],[0,-4.418],[-4.418,0],[0,4.418]],"o":[[-4.418,0],[0,4.418],[4.418,0],[0,-4.418]],"v":[[7,-135],[-1,-127],[7,-119],[15,-127]],"c":true}]},{"i":{"x":0.667,"y":1},"o":{"x":0.333,"y":0},"t":19,"s":[{"i":[[28.167,0],[0,-28.167],[-28.167,0],[0,28.167]],"o":[[-28.167,0],[0,28.167],[28.167,0],[0,-28.167]],"v":[[7,-63],[-44,-12],[7,39],[58,-12]],"c":true}]},{"i":{"x":0.667,"y":1},"o":{"x":0.333,"y":0},"t":22,"s":[{"i":[[28.167,0],[0,-28.167],[-28.167,0],[0,28.167]],"o":[[-28.167,0],[0,28.167],[28.167,0],[0,-28.167]],"v":[[7,-79.5],[-44,-28.5],[7,22.5],[58,-28.5]],"c":true}]},{"t":24,"s":[{"i":[[28.167,0],[0,-28.167],[-28.167,0],[0,28.167]],"o":[[-28.167,0],[0,28.167],[28.167,0],[0,-28.167]],"v":[[7,-69.5],[-44,-18.5],[7,32.5],[58,-18.5]],"c":true}]}],"ix":2},"nm":"Path 3","mn":"ADBE Vector Shape - Group","hd":false},{"ty":"st","c":{"a":0,"k":[0.03137254902,0.658823529412,0.541176470588,1],"ix":3,"x":"var $bm_rt;\n$bm_rt = thisComp.layer('Color  & Stroke Change').effect('Secondary')('Color');"},"o":{"a":1,"k":[{"t":16,"s":[0],"h":1},{"t":17,"s":[100],"h":1}],"ix":4},"w":{"a":0,"k":18,"ix":5,"x":"var $bm_rt;\n$bm_rt = $bm_mul(18 / 100, thisComp.layer('Color  & Stroke Change').effect('Stroke')('Slider'));"},"lc":1,"lj":1,"ml":4,"bm":9,"nm":"Stroke 1","mn":"ADBE Vector Graphic - Stroke","hd":false},{"ty":"tr","p":{"a":0,"k":[-4,-101.5],"ix":2},"a":{"a":0,"k":[0,0],"ix":1},"s":{"a":0,"k":[100,100],"ix":3},"r":{"a":0,"k":0,"ix":6},"o":{"a":0,"k":100,"ix":7},"sk":{"a":0,"k":0,"ix":4},"sa":{"a":0,"k":0,"ix":5},"nm":"Transform"}],"nm":"Ellipse 2","np":2,"cix":2,"bm":0,"ix":1,"mn":"ADBE Vector Group","hd":false},{"ty":"gr","it":[{"ind":0,"ty":"sh","ix":1,"ks":{"a":1,"k":[{"i":{"x":0,"y":1},"o":{"x":0.333,"y":0},"t":0,"s":[{"i":[[28.167,0],[0,-28.167],[-28.167,0],[0,28.167]],"o":[[-28.167,0],[0,28.167],[28.167,0],[0,-28.167]],"v":[[7,-69.5],[-44,-18.5],[7,32.5],[58,-18.5]],"c":true}]},{"i":{"x":0.833,"y":0.833},"o":{"x":1,"y":0},"t":3,"s":[{"i":[[28.167,0],[0,-28.167],[-28.167,0],[0,28.167]],"o":[[-28.167,0],[0,28.167],[28.167,0],[0,-28.167]],"v":[[7,-114.5],[-44,-63.5],[7,-12.5],[58,-63.5]],"c":true}]},{"i":{"x":0.833,"y":0.833},"o":{"x":0.167,"y":0.167},"t":6,"s":[{"i":[[28.167,0],[0,-28.167],[-28.167,0],[0,28.167]],"o":[[-28.167,0],[0,28.167],[28.167,0],[0,-28.167]],"v":[[7,-82],[-44,-31],[7,20],[58,-31]],"c":true}]},{"i":{"x":0.833,"y":0.833},"o":{"x":0.167,"y":0.167},"t":7,"s":[{"i":[[28.166,0],[-6.216,-30.457],[-28.167,0],[-6.27,30.934]],"o":[[-28.167,0],[10,49],[28.167,0],[7.5,-37]],"v":[[7,-69.5],[-40,-17.5],[9.5,51.5],[54.5,-14.5]],"c":true}]},{"i":{"x":0.833,"y":0.833},"o":{"x":0.167,"y":0.167},"t":8,"s":[{"i":[[21.807,0],[-4.238,-30.457],[-21.808,0],[-4.275,30.934]],"o":[[-21.808,0],[6.818,49],[21.807,0],[5.114,-37]],"v":[[7.201,-15.5],[-23.762,49],[9.137,105.5],[40.671,52]],"c":true}]},{"t":9,"s":[{"i":[[21.807,0],[-4.238,-30.457],[-21.808,0],[-4.275,30.934]],"o":[[-21.808,0],[6.818,49],[21.807,0],[5.114,-37]],"v":[[7.806,85.5],[-23.158,150],[9.741,206.5],[41.275,153]],"c":true}]}],"ix":2},"nm":"Path 2","mn":"ADBE Vector Shape - Group","hd":false},{"ty":"st","c":{"a":0,"k":[0.03137254902,0.658823529412,0.541176470588,1],"ix":3,"x":"var $bm_rt;\n$bm_rt = thisComp.layer('Color  & Stroke Change').effect('Secondary')('Color');"},"o":{"a":0,"k":100,"ix":4},"w":{"a":0,"k":18,"ix":5,"x":"var $bm_rt;\n$bm_rt = $bm_mul(18 / 100, thisComp.layer('Color  & Stroke Change').effect('Stroke')('Slider'));"},"lc":1,"lj":1,"ml":4,"bm":9,"nm":"Stroke 1","mn":"ADBE Vector Graphic - Stroke","hd":false},{"ty":"tr","p":{"a":0,"k":[-4,-101.5],"ix":2},"a":{"a":0,"k":[0,0],"ix":1},"s":{"a":0,"k":[100,100],"ix":3},"r":{"a":0,"k":0,"ix":6},"o":{"a":0,"k":100,"ix":7},"sk":{"a":0,"k":0,"ix":4},"sa":{"a":0,"k":0,"ix":5},"nm":"Transform"}],"nm":"Ellipse 1","np":2,"cix":2,"bm":0,"ix":2,"mn":"ADBE Vector Group","hd":false}],"ip":0,"op":81,"st":0,"bm":0},{"ddd":0,"ind":8,"ty":4,"nm":"coin -matte","parent":4,"td":1,"sr":1,"ks":{"o":{"a":0,"k":100,"ix":11},"r":{"a":0,"k":0,"ix":10},"p":{"a":0,"k":[63,-60,0],"ix":2,"l":2},"a":{"a":0,"k":[3,-120,0],"ix":1,"l":2},"s":{"a":0,"k":[100,100,100],"ix":6,"l":2}},"ao":0,"shapes":[{"ty":"gr","it":[{"ind":0,"ty":"sh","ix":1,"ks":{"a":1,"k":[{"i":{"x":0.667,"y":1},"o":{"x":0.167,"y":0.167},"t":16,"s":[{"i":[[4.418,0],[0,-4.418],[-4.418,0],[0,4.418]],"o":[[-4.418,0],[0,4.418],[4.418,0],[0,-4.418]],"v":[[7,-135],[-1,-127],[7,-119],[15,-127]],"c":true}]},{"i":{"x":0.667,"y":1},"o":{"x":0.333,"y":0},"t":19,"s":[{"i":[[28.167,0],[0,-28.167],[-28.167,0],[0,28.167]],"o":[[-28.167,0],[0,28.167],[28.167,0],[0,-28.167]],"v":[[7,-56],[-44,-5],[7,46],[58,-5]],"c":true}]},{"i":{"x":0.667,"y":1},"o":{"x":0.333,"y":0},"t":22,"s":[{"i":[[28.167,0],[0,-28.167],[-28.167,0],[0,28.167]],"o":[[-28.167,0],[0,28.167],[28.167,0],[0,-28.167]],"v":[[7,-79.5],[-44,-28.5],[7,22.5],[58,-28.5]],"c":true}]},{"t":24,"s":[{"i":[[28.167,0],[0,-28.167],[-28.167,0],[0,28.167]],"o":[[-28.167,0],[0,28.167],[28.167,0],[0,-28.167]],"v":[[7,-69.5],[-44,-18.5],[7,32.5],[58,-18.5]],"c":true}]}],"ix":2},"nm":"Path 3","mn":"ADBE Vector Shape - Group","hd":false},{"ind":1,"ty":"sh","ix":2,"ks":{"a":1,"k":[{"i":{"x":0,"y":1},"o":{"x":0.333,"y":0},"t":0,"s":[{"i":[[28.167,0],[0,-28.167],[-28.167,0],[0,28.167]],"o":[[-28.167,0],[0,28.167],[28.167,0],[0,-28.167]],"v":[[7,-69.5],[-44,-18.5],[7,32.5],[58,-18.5]],"c":true}]},{"i":{"x":0.833,"y":0.833},"o":{"x":1,"y":0},"t":3,"s":[{"i":[[28.167,0],[0,-28.167],[-28.167,0],[0,28.167]],"o":[[-28.167,0],[0,28.167],[28.167,0],[0,-28.167]],"v":[[7,-114.5],[-44,-63.5],[7,-12.5],[58,-63.5]],"c":true}]},{"i":{"x":0.833,"y":0.833},"o":{"x":0.167,"y":0.167},"t":6,"s":[{"i":[[28.167,0],[0,-28.167],[-28.167,0],[0,28.167]],"o":[[-28.167,0],[0,28.167],[28.167,0],[0,-28.167]],"v":[[7,-82],[-44,-31],[7,20],[58,-31]],"c":true}]},{"i":{"x":0.833,"y":0.833},"o":{"x":0.167,"y":0.167},"t":7,"s":[{"i":[[28.166,0],[-6.216,-30.457],[-28.167,0],[-6.27,30.934]],"o":[[-28.167,0],[10,49],[28.167,0],[7.5,-37]],"v":[[7,-69.5],[-40,-17.5],[9.5,51.5],[54.5,-14.5]],"c":true}]},{"i":{"x":0.833,"y":0.833},"o":{"x":0.167,"y":0.167},"t":8,"s":[{"i":[[21.807,0],[-4.238,-30.457],[-21.808,0],[-4.275,30.934]],"o":[[-21.808,0],[6.818,49],[21.807,0],[5.114,-37]],"v":[[7.201,-15.5],[-23.762,49],[9.137,105.5],[40.671,52]],"c":true}]},{"t":9,"s":[{"i":[[21.807,0],[-4.238,-30.457],[-21.808,0],[-4.275,30.934]],"o":[[-21.808,0],[6.818,49],[21.807,0],[5.114,-37]],"v":[[7.806,85.5],[-23.158,150],[9.741,206.5],[41.275,153]],"c":true}]}],"ix":2},"nm":"Path 2","mn":"ADBE Vector Shape - Group","hd":false},{"ty":"st","c":{"a":0,"k":[0.070588235294,0.074509803922,0.192156877705,1],"ix":3},"o":{"a":0,"k":100,"ix":4},"w":{"a":0,"k":0,"ix":5},"lc":1,"lj":1,"ml":4,"bm":9,"nm":"Stroke 1","mn":"ADBE Vector Graphic - Stroke","hd":false},{"ty":"tr","p":{"a":0,"k":[-4,-101.5],"ix":2},"a":{"a":0,"k":[0,0],"ix":1},"s":{"a":0,"k":[100,100],"ix":3},"r":{"a":0,"k":0,"ix":6},"o":{"a":0,"k":100,"ix":7},"sk":{"a":0,"k":0,"ix":4},"sa":{"a":0,"k":0,"ix":5},"nm":"Transform"}],"nm":"Ellipse 1","np":3,"cix":2,"bm":0,"ix":1,"mn":"ADBE Vector Group","hd":false},{"ty":"fl","c":{"a":0,"k":[1,0,0,1],"ix":4},"o":{"a":0,"k":100,"ix":5},"r":1,"bm":0,"nm":"Fill 1","mn":"ADBE Vector Graphic - Fill","hd":false}],"ip":0,"op":81,"st":0,"bm":0},{"ddd":0,"ind":9,"ty":4,"nm":"Shape Layer 3","parent":4,"tt":2,"sr":1,"ks":{"o":{"a":0,"k":100,"ix":11},"r":{"a":0,"k":0,"ix":10},"p":{"a":0,"k":[55.982,109.5,0],"ix":2,"l":2},"a":{"a":0,"k":[1.982,43,0],"ix":1,"l":2},"s":{"a":0,"k":[100,100,100],"ix":6,"l":2}},"ao":0,"shapes":[{"ty":"gr","it":[{"ind":0,"ty":"sh","ix":1,"ks":{"a":1,"k":[{"i":{"x":0.667,"y":1},"o":{"x":0.167,"y":0.167},"t":6,"s":[{"i":[[0,0],[0,0],[0,26.708],[0,-20.873],[0,0],[0,0]],"o":[[0,0],[0,0],[0,-23.961],[0,17.399],[0,0],[0,0]],"v":[[-29.842,65.426],[-48.773,65.426],[-74.419,37.852],[-41.163,35.617],[-64.025,52.563],[-88.656,52.563]],"c":false}]},{"i":{"x":0.667,"y":1},"o":{"x":0.333,"y":0},"t":9,"s":[{"i":[[0,0],[0,0],[0,-0.266],[0,0.208],[0,0],[0,0]],"o":[[0,0],[0,0],[0,0.238],[0,-0.173],[0,0],[0,0]],"v":[[-37.171,93.139],[-62.257,91.737],[-89.807,92.012],[-54.082,92.034],[-78.642,91.865],[-118.101,91.961]],"c":false}]},{"i":{"x":0.667,"y":1},"o":{"x":0.333,"y":0},"t":11,"s":[{"i":[[0,0],[0,0],[0,31.663],[0,-24.745],[0,0],[0,0]],"o":[[0,0],[0,0],[0,-28.406],[0,20.627],[0,0],[0,0]],"v":[[-22.426,61.595],[-40.105,61.595],[-64.056,28.906],[-32.998,26.256],[-54.349,46.346],[-77.351,46.346]],"c":false}]},{"i":{"x":0.667,"y":1},"o":{"x":0.167,"y":0},"t":13,"s":[{"i":[[0,0],[0,0],[0,20.692],[0,-16.171],[0,0],[0,0]],"o":[[0,0],[0,0],[0,-18.564],[0,13.48],[0,0],[0,0]],"v":[[-29.842,65.426],[-48.773,65.426],[-74.419,44.064],[-41.163,42.332],[-64.025,55.461],[-88.656,55.461]],"c":false}]},{"t":15,"s":[{"i":[[0,0],[0,0],[0,26.708],[0,-20.873],[0,0],[0,0]],"o":[[0,0],[0,0],[0,-23.961],[0,17.399],[0,0],[0,0]],"v":[[-29.842,65.426],[-48.773,65.426],[-74.419,37.852],[-41.163,35.617],[-64.025,52.563],[-88.656,52.563]],"c":false}]}],"ix":2},"nm":"Path 2","mn":"ADBE Vector Shape - Group","hd":false},{"ind":1,"ty":"sh","ix":2,"ks":{"a":1,"k":[{"i":{"x":0.667,"y":1},"o":{"x":0.167,"y":0.167},"t":6,"s":[{"i":[[0,0],[-7.389,0],[0,0],[-5.553,0.826]],"o":[[6.999,1.354],[0,0],[5.806,0],[0,0]],"v":[[59.428,211.703],[81.021,213.745],[116.634,213.745],[133.684,212.483]],"c":false}]},{"i":{"x":0.667,"y":1},"o":{"x":0.333,"y":0},"t":9,"s":[{"i":[[0,0],[-7.389,0],[0,0],[-17.28,-14.485]],"o":[[4.349,5.648],[0,0],[5.806,0],[0,0]],"v":[[36.355,227.073],[81.021,218.995],[116.634,218.995],[150.03,230.735]],"c":false}]},{"i":{"x":0.667,"y":1},"o":{"x":0.333,"y":0},"t":11,"s":[{"i":[[0,0],[-7.389,0],[0,0],[-5.604,0.346]],"o":[[7.117,0.407],[0,0],[5.784,0.499],[0,0]],"v":[[63.165,207.911],[81.021,213.745],[113.983,210.497],[131.078,210.705]],"c":false}]},{"i":{"x":0.667,"y":1},"o":{"x":0.167,"y":0},"t":13,"s":[{"i":[[0,0],[-7.389,0],[0,0],[-5.553,0.826]],"o":[[6.999,1.354],[0,0],[5.806,0],[0,0]],"v":[[59.428,211.703],[81.021,213.745],[116.634,213.745],[133.684,212.483]],"c":false}]},{"t":15,"s":[{"i":[[0,0],[-7.389,0],[0,0],[-5.553,0.826]],"o":[[6.999,1.354],[0,0],[5.806,0],[0,0]],"v":[[59.428,211.703],[81.021,213.745],[116.634,213.745],[133.684,212.483]],"c":false}]}],"ix":2},"nm":"Path 4","mn":"ADBE Vector Shape - Group","hd":false},{"ind":2,"ty":"sh","ix":3,"ks":{"a":1,"k":[{"i":{"x":0.667,"y":1},"o":{"x":0.167,"y":0.167},"t":6,"s":[{"i":[[0,0],[0,0],[0,0],[-7.962,0],[0,0],[0,0],[-7.928,7.928],[-4.658,22.144],[0,0],[0,10.624],[0,0],[10.624,0],[0,0],[23.842,14.479],[-23.314,18.197],[15.65,-32.355],[0,0],[20.767,-20.767],[0,-31.712],[-33.594,-20.032],[0,0],[-7.962,0],[0,0],[0,0],[0,0]],"o":[[0,0],[0,0],[0,7.94],[0,0],[0,0],[9.982,-5.324],[15.443,-15.443],[0,0],[10.624,0],[0,0],[0,-10.624],[0,0],[-8.307,-27.192],[0,0],[-26.687,-2.685],[0,0],[-31.712,0],[-20.79,20.79],[0,41.947],[0,0],[0,7.94],[0,0],[0,0],[0,0],[0,0]],"v":[[133.684,198.348],[133.684,212.483],[133.684,223.612],[148.094,238],[170.834,238],[170.834,200.161],[197.82,180.129],[228.981,122.739],[234.052,122.739],[253.305,103.487],[253.305,84.533],[234.052,65.28],[226.434,65.28],[176.135,0.708],[197.957,-49.315],[128.016,-15.997],[81.021,-15.882],[-0.164,17.735],[-33.804,98.943],[22.278,197.614],[22.278,223.612],[36.688,238],[59.428,238],[59.428,211.703],[59.428,198.348]],"c":false}]},{"i":{"x":0.667,"y":1},"o":{"x":0.333,"y":0},"t":9,"s":[{"i":[[0,0],[0,0],[0,0],[-5.148,6.075],[0,0],[0,0],[-7.928,7.928],[-5.004,18.601],[0,0],[0,8.925],[0,0],[11.413,0],[0,0],[25.612,12.163],[-14.543,6.745],[20.592,-16.243],[0,0],[22.309,-17.444],[0,-26.638],[-35.087,-23.669],[0,0],[-5.968,-5.271],[0,0],[0,0],[0,0]],"o":[[0,0],[0,0],[6.057,5.133],[0,0],[0,0],[8.852,-1.426],[15.443,-15.443],[0,0],[11.413,0],[0,0],[0,-8.924],[0,0],[-8.923,-22.841],[0,0],[-23.043,-14.755],[0,0],[-34.067,0],[-22.333,17.463],[0,35.235],[0,0],[-5.256,5.951],[0,0],[0,0],[0,0],[0,0]],"v":[[139.246,221.596],[150.03,230.735],[159.271,234.18],[179.563,232.488],[193.515,218.89],[164.648,194.426],[197.82,180.129],[240.87,141.282],[257.818,141.063],[278.5,124.891],[278.5,108.97],[257.818,92.798],[238.134,93.016],[184.1,38.775],[211.543,19.255],[132.408,24.743],[81.924,24.839],[-5.289,53.078],[-41.427,121.293],[17.837,191.919],[0.626,211.406],[1.902,231.729],[6.697,237.032],[36.355,227.073],[50.445,223.313]],"c":false}]},{"i":{"x":0.667,"y":1},"o":{"x":0.333,"y":0},"t":11,"s":[{"i":[[0,0],[0,0],[0,0],[-7.933,-0.684],[0,0],[0,0],[-7.404,8.176],[-4.35,22.835],[0,0],[0,10.956],[0,0],[9.922,0],[0,0],[22.265,14.932],[-9.812,19.731],[21.505,-24.128],[0,0],[19.394,-21.416],[0,-32.703],[-35.968,-15.366],[0,0],[-7.891,1.063],[0,0],[0,0],[0,0]],"o":[[0,0],[0,0],[-0.682,7.91],[0,0],[0,0],[10.402,-4.446],[14.422,-15.926],[0,0],[9.922,0],[0,0],[0,-10.956],[0,0],[-7.757,-28.041],[0,0],[-16.312,7.231],[0,0],[-29.616,0],[-19.415,21.439],[0,43.257],[0,0],[1.06,7.868],[0,0],[0,0],[0,0],[0,0]],"v":[[132.292,196.622],[131.078,210.705],[130.121,221.793],[143.242,237.366],[165.898,239.32],[169.15,201.621],[190.183,179.881],[219.285,120.698],[224.021,120.698],[242,100.844],[242,81.298],[224.021,61.445],[216.906,61.445],[169.933,-5.145],[182.312,-64.731],[124.995,-22.372],[81.107,-22.254],[5.29,12.414],[-26.126,96.159],[24.466,198.91],[27.938,224.676],[44.141,237.01],[66.677,233.973],[63.165,207.911],[61.382,194.676]],"c":false}]},{"i":{"x":0.667,"y":1},"o":{"x":0.167,"y":0},"t":13,"s":[{"i":[[0,0],[0,0],[0,0],[-7.962,0],[0,0],[0,0],[-7.928,7.928],[-4.658,22.144],[0,0],[0,10.624],[0,0],[10.624,0],[0,0],[23.842,14.479],[-23.314,18.197],[15.65,-32.355],[0,0],[20.767,-20.767],[0,-31.712],[-33.594,-20.032],[0,0],[-7.962,0],[0,0],[0,0],[0,0]],"o":[[0,0],[0,0],[0,7.94],[0,0],[0,0],[9.982,-5.324],[15.443,-15.443],[0,0],[10.624,0],[0,0],[0,-10.624],[0,0],[-8.307,-27.192],[0,0],[-26.687,-2.685],[0,0],[-31.712,0],[-20.79,20.79],[0,41.947],[0,0],[0,7.94],[0,0],[0,0],[0,0],[0,0]],"v":[[133.684,198.348],[133.684,212.483],[133.684,223.612],[148.094,238],[170.834,238],[170.834,200.161],[197.82,180.129],[228.981,122.739],[234.052,122.739],[253.305,103.487],[253.305,84.533],[234.052,65.28],[226.434,65.28],[176.135,0.708],[200.457,-41.815],[128.016,-15.997],[81.021,-15.882],[-0.164,17.735],[-33.804,98.943],[22.278,197.614],[22.278,223.612],[36.688,238],[59.428,238],[59.428,211.703],[59.428,198.348]],"c":false}]},{"t":15,"s":[{"i":[[0,0],[0,0],[0,0],[-7.962,0],[0,0],[0,0],[-7.928,7.928],[-4.658,22.144],[0,0],[0,10.624],[0,0],[10.624,0],[0,0],[23.842,14.479],[-23.314,18.197],[15.65,-32.355],[0,0],[20.767,-20.767],[0,-31.712],[-33.594,-20.032],[0,0],[-7.962,0],[0,0],[0,0],[0,0]],"o":[[0,0],[0,0],[0,7.94],[0,0],[0,0],[9.982,-5.324],[15.443,-15.443],[0,0],[10.624,0],[0,0],[0,-10.624],[0,0],[-8.307,-27.192],[0,0],[-26.687,-2.685],[0,0],[-31.712,0],[-20.79,20.79],[0,41.947],[0,0],[0,7.94],[0,0],[0,0],[0,0],[0,0]],"v":[[133.684,198.348],[133.684,212.483],[133.684,223.612],[148.094,238],[170.834,238],[170.834,200.161],[197.82,180.129],[228.981,122.739],[234.052,122.739],[253.305,103.487],[253.305,84.533],[234.052,65.28],[226.434,65.28],[176.135,0.708],[197.957,-49.315],[128.016,-15.997],[81.021,-15.882],[-0.164,17.735],[-33.804,98.943],[22.278,197.614],[22.278,223.612],[36.688,238],[59.428,238],[59.428,211.703],[59.428,198.348]],"c":false}]}],"ix":2},"nm":"Path 5","mn":"ADBE Vector Shape - Group","hd":false},{"ty":"st","c":{"a":0,"k":[0.03137254902,0.658823529412,0.541176470588,1],"ix":3,"x":"var $bm_rt;\n$bm_rt = thisComp.layer('Color  & Stroke Change').effect('Primary')('Color');"},"o":{"a":0,"k":100,"ix":4},"w":{"a":0,"k":18,"ix":5,"x":"var $bm_rt;\n$bm_rt = $bm_mul(18 / 100, thisComp.layer('Color  & Stroke Change').effect('Stroke')('Slider'));"},"lc":2,"lj":2,"bm":0,"nm":"Stroke 1","mn":"ADBE Vector Graphic - Stroke","hd":false},{"ty":"tr","p":{"a":0,"k":[-88,-78],"ix":2},"a":{"a":0,"k":[0,0],"ix":1},"s":{"a":0,"k":[100,100],"ix":3},"r":{"a":0,"k":0,"ix":6},"o":{"a":0,"k":100,"ix":7},"sk":{"a":0,"k":0,"ix":4},"sa":{"a":0,"k":0,"ix":5},"nm":"Transform"}],"nm":"Ellipse 1","np":4,"cix":2,"bm":0,"ix":1,"mn":"ADBE Vector Group","hd":false}],"ip":0,"op":120,"st":0,"bm":0}],"markers":[{"tm":13,"cm":"1","dr":0},{"tm":34,"cm":"2","dr":0},{"tm":48,"cm":"4","dr":0}],"features":[]}